processDefinitionId,processDefinitionKey,processDefinitionName,Duration
Process_1cl94bg:1:77f1cbcf-845e-11ec-9c12-0242ac120003,Process_1cl94bg,helicopter_vA,0.085
Process_1cl94bg:1:77f1cbcf-845e-11ec-9c12-0242ac120003,Process_1cl94bg,helicopter_vA,0.087
Process_1cl94bg:1:77f1cbcf-845e-11ec-9c12-0242ac120003,Process_1cl94bg,helicopter_vA,0.252
Process_1cl94bg:1:77f1cbcf-845e-11ec-9c12-0242ac120003,Process_1cl94bg,helicopter_vA,0.161
Process_1cl94bg:1:77f1cbcf-845e-11ec-9c12-0242ac120003,Process_1cl94bg,helicopter_vA,0.061
Process_1cl94bg:1:77f1cbcf-845e-11ec-9c12-0242ac120003,Process_1cl94bg,helicopter_vA,0.086
Process_1cl94bg:1:77f1cbcf-845e-11ec-9c12-0242ac120003,Process_1cl94bg,helicopter_vA,0.105
Process_1cl94bg:1:77f1cbcf-845e-11ec-9c12-0242ac120003,Process_1cl94bg,helicopter_vA,0.183
Process_1cl94bg:1:77f1cbcf-845e-11ec-9c12-0242ac120003,Process_1cl94bg,helicopter_vA,0.078
Process_1cl94bg:1:77f1cbcf-845e-11ec-9c12-0242ac120003,Process_1cl94bg,helicopter_vA,0.128
Process_1cl94bg:1:77f1cbcf-845e-11ec-9c12-0242ac120003,Process_1cl94bg,helicopter_vA,0.05
Process_1cl94bg:1:77f1cbcf-845e-11ec-9c12-0242ac120003,Process_1cl94bg,helicopter_vA,0.234
Process_1cl94bg:1:77f1cbcf-845e-11ec-9c12-0242ac120003,Process_1cl94bg,helicopter_vA,0.088
Process_1cl94bg:1:77f1cbcf-845e-11ec-9c12-0242ac120003,Process_1cl94bg,helicopter_vA,0.068
Process_1cl94bg:1:77f1cbcf-845e-11ec-9c12-0242ac120003,Process_1cl94bg,helicopter_vA,0.048
Process_1cl94bg:1:77f1cbcf-845e-11ec-9c12-0242ac120003,Process_1cl94bg,helicopter_vA,0.121
Process_1cl94bg:1:77f1cbcf-845e-11ec-9c12-0242ac120003,Process_1cl94bg,helicopter_vA,0.048
Process_1cl94bg:1:77f1cbcf-845e-11ec-9c12-0242ac120003,Process_1cl94bg,helicopter_vA,0.157
Process_1cl94bg:1:77f1cbcf-845e-11ec-9c12-0242ac120003,Process_1cl94bg,helicopter_vA,0.085
Process_1cl94bg:1:77f1cbcf-845e-11ec-9c12-0242ac120003,Process_1cl94bg,helicopter_vA,0.107
Process_1cl94bg:1:77f1cbcf-845e-11ec-9c12-0242ac120003,Process_1cl94bg,helicopter_vA,0.071
Process_1cl94bg:1:77f1cbcf-845e-11ec-9c12-0242ac120003,Process_1cl94bg,helicopter_vA,0.258
Process_1cl94bg:1:77f1cbcf-845e-11ec-9c12-0242ac120003,Process_1cl94bg,helicopter_vA,0.076
Process_1cl94bg:1:77f1cbcf-845e-11ec-9c12-0242ac120003,Process_1cl94bg,helicopter_vA,0.156
Process_1cl94bg:1:77f1cbcf-845e-11ec-9c12-0242ac120003,Process_1cl94bg,helicopter_vA,0.068
Process_1cl94bg:1:77f1cbcf-845e-11ec-9c12-0242ac120003,Process_1cl94bg,helicopter_vA,0.104
Process_1cl94bg:1:77f1cbcf-845e-11ec-9c12-0242ac120003,Process_1cl94bg,helicopter_vA,0.068
Process_1cl94bg:1:77f1cbcf-845e-11ec-9c12-0242ac120003,Process_1cl94bg,helicopter_vA,0.088
Process_1cl94bg:1:77f1cbcf-845e-11ec-9c12-0242ac120003,Process_1cl94bg,helicopter_vA,0.089
Process_1cl94bg:1:77f1cbcf-845e-11ec-9c12-0242ac120003,Process_1cl94bg,helicopter_vA,0.12
Process_1cl94bg:1:77f1cbcf-845e-11ec-9c12-0242ac120003,Process_1cl94bg,helicopter_vA,0.095
Process_1cl94bg:1:77f1cbcf-845e-11ec-9c12-0242ac120003,Process_1cl94bg,helicopter_vA,0.303
Process_1cl94bg:1:77f1cbcf-845e-11ec-9c12-0242ac120003,Process_1cl94bg,helicopter_vA,0.077
Process_1cl94bg:1:77f1cbcf-845e-11ec-9c12-0242ac120003,Process_1cl94bg,helicopter_vA,0.083
Process_1cl94bg:1:77f1cbcf-845e-11ec-9c12-0242ac120003,Process_1cl94bg,helicopter_vA,0.098
Process_1cl94bg:1:77f1cbcf-845e-11ec-9c12-0242ac120003,Process_1cl94bg,helicopter_vA,0.193
Process_1cl94bg:1:77f1cbcf-845e-11ec-9c12-0242ac120003,Process_1cl94bg,helicopter_vA,0.057
Process_1cl94bg:1:77f1cbcf-845e-11ec-9c12-0242ac120003,Process_1cl94bg,helicopter_vA,0.055
Process_1cl94bg:1:77f1cbcf-845e-11ec-9c12-0242ac120003,Process_1cl94bg,helicopter_vA,0.088
Process_1cl94bg:1:77f1cbcf-845e-11ec-9c12-0242ac120003,Process_1cl94bg,helicopter_vA,0.239
Process_1cl94bg:1:77f1cbcf-845e-11ec-9c12-0242ac120003,Process_1cl94bg,helicopter_vA,0.275
Process_1cl94bg:1:77f1cbcf-845e-11ec-9c12-0242ac120003,Process_1cl94bg,helicopter_vA,0.086
Process_1cl94bg:1:77f1cbcf-845e-11ec-9c12-0242ac120003,Process_1cl94bg,helicopter_vA,0.092
Process_1cl94bg:1:77f1cbcf-845e-11ec-9c12-0242ac120003,Process_1cl94bg,helicopter_vA,0.077
Process_1cl94bg:1:77f1cbcf-845e-11ec-9c12-0242ac120003,Process_1cl94bg,helicopter_vA,0.111
Process_1cl94bg:1:77f1cbcf-845e-11ec-9c12-0242ac120003,Process_1cl94bg,helicopter_vA,0.185
Process_1cl94bg:1:77f1cbcf-845e-11ec-9c12-0242ac120003,Process_1cl94bg,helicopter_vA,0.082
Process_1cl94bg:1:77f1cbcf-845e-11ec-9c12-0242ac120003,Process_1cl94bg,helicopter_vA,0.181
Process_1cl94bg:1:77f1cbcf-845e-11ec-9c12-0242ac120003,Process_1cl94bg,helicopter_vA,0.074
Process_1cl94bg:1:77f1cbcf-845e-11ec-9c12-0242ac120003,Process_1cl94bg,helicopter_vA,0.139
Process_1cl94bg:1:77f1cbcf-845e-11ec-9c12-0242ac120003,Process_1cl94bg,helicopter_vA,0.095
Process_1cl94bg:1:77f1cbcf-845e-11ec-9c12-0242ac120003,Process_1cl94bg,helicopter_vA,0.133
Process_1cl94bg:1:77f1cbcf-845e-11ec-9c12-0242ac120003,Process_1cl94bg,helicopter_vA,0.061
Process_1cl94bg:1:77f1cbcf-845e-11ec-9c12-0242ac120003,Process_1cl94bg,helicopter_vA,0.084
Process_1cl94bg:1:77f1cbcf-845e-11ec-9c12-0242ac120003,Process_1cl94bg,helicopter_vA,0.148
Process_1cl94bg:1:77f1cbcf-845e-11ec-9c12-0242ac120003,Process_1cl94bg,helicopter_vA,0.068
Process_1cl94bg:1:77f1cbcf-845e-11ec-9c12-0242ac120003,Process_1cl94bg,helicopter_vA,0.081
Process_1cl94bg:1:77f1cbcf-845e-11ec-9c12-0242ac120003,Process_1cl94bg,helicopter_vA,0.05
Process_1cl94bg:1:77f1cbcf-845e-11ec-9c12-0242ac120003,Process_1cl94bg,helicopter_vA,0.139
Process_1cl94bg:1:77f1cbcf-845e-11ec-9c12-0242ac120003,Process_1cl94bg,helicopter_vA,0.061
Process_1cl94bg:1:77f1cbcf-845e-11ec-9c12-0242ac120003,Process_1cl94bg,helicopter_vA,0.124
Process_1cl94bg:1:77f1cbcf-845e-11ec-9c12-0242ac120003,Process_1cl94bg,helicopter_vA,0.093
Process_1cl94bg:1:77f1cbcf-845e-11ec-9c12-0242ac120003,Process_1cl94bg,helicopter_vA,0.071
Process_1cl94bg:1:77f1cbcf-845e-11ec-9c12-0242ac120003,Process_1cl94bg,helicopter_vA,0.112
Process_1cl94bg:1:77f1cbcf-845e-11ec-9c12-0242ac120003,Process_1cl94bg,helicopter_vA,0.109
Process_1cl94bg:1:77f1cbcf-845e-11ec-9c12-0242ac120003,Process_1cl94bg,helicopter_vA,0.173
Process_1cl94bg:1:77f1cbcf-845e-11ec-9c12-0242ac120003,Process_1cl94bg,helicopter_vA,0.057
Process_1cl94bg:1:77f1cbcf-845e-11ec-9c12-0242ac120003,Process_1cl94bg,helicopter_vA,0.097
Process_1cl94bg:1:77f1cbcf-845e-11ec-9c12-0242ac120003,Process_1cl94bg,helicopter_vA,0.076
Process_1cl94bg:1:77f1cbcf-845e-11ec-9c12-0242ac120003,Process_1cl94bg,helicopter_vA,0.079
Process_1cl94bg:1:77f1cbcf-845e-11ec-9c12-0242ac120003,Process_1cl94bg,helicopter_vA,0.101
Process_1cl94bg:1:77f1cbcf-845e-11ec-9c12-0242ac120003,Process_1cl94bg,helicopter_vA,0.128
Process_1cl94bg:1:77f1cbcf-845e-11ec-9c12-0242ac120003,Process_1cl94bg,helicopter_vA,0.106
Process_1cl94bg:1:77f1cbcf-845e-11ec-9c12-0242ac120003,Process_1cl94bg,helicopter_vA,0.309
Process_1cl94bg:1:77f1cbcf-845e-11ec-9c12-0242ac120003,Process_1cl94bg,helicopter_vA,0.101
Process_1cl94bg:1:77f1cbcf-845e-11ec-9c12-0242ac120003,Process_1cl94bg,helicopter_vA,0.1
Process_1cl94bg:1:77f1cbcf-845e-11ec-9c12-0242ac120003,Process_1cl94bg,helicopter_vA,0.087
Process_1cl94bg:1:77f1cbcf-845e-11ec-9c12-0242ac120003,Process_1cl94bg,helicopter_vA,0.087
Process_1cl94bg:1:77f1cbcf-845e-11ec-9c12-0242ac120003,Process_1cl94bg,helicopter_vA,0.111
Process_1cl94bg:1:77f1cbcf-845e-11ec-9c12-0242ac120003,Process_1cl94bg,helicopter_vA,0.082
Process_1cl94bg:1:77f1cbcf-845e-11ec-9c12-0242ac120003,Process_1cl94bg,helicopter_vA,0.121
Process_1cl94bg:1:77f1cbcf-845e-11ec-9c12-0242ac120003,Process_1cl94bg,helicopter_vA,0.259
Process_1cl94bg:1:77f1cbcf-845e-11ec-9c12-0242ac120003,Process_1cl94bg,helicopter_vA,0.097
Process_1cl94bg:1:77f1cbcf-845e-11ec-9c12-0242ac120003,Process_1cl94bg,helicopter_vA,0.106
Process_1cl94bg:1:77f1cbcf-845e-11ec-9c12-0242ac120003,Process_1cl94bg,helicopter_vA,0.094
Process_1cl94bg:1:77f1cbcf-845e-11ec-9c12-0242ac120003,Process_1cl94bg,helicopter_vA,0.068
Process_1cl94bg:1:77f1cbcf-845e-11ec-9c12-0242ac120003,Process_1cl94bg,helicopter_vA,0.058
Process_1cl94bg:1:77f1cbcf-845e-11ec-9c12-0242ac120003,Process_1cl94bg,helicopter_vA,0.062
Process_1cl94bg:1:77f1cbcf-845e-11ec-9c12-0242ac120003,Process_1cl94bg,helicopter_vA,0.086
Process_1cl94bg:1:77f1cbcf-845e-11ec-9c12-0242ac120003,Process_1cl94bg,helicopter_vA,0.072
Process_1cl94bg:1:77f1cbcf-845e-11ec-9c12-0242ac120003,Process_1cl94bg,helicopter_vA,0.085
Process_1cl94bg:1:77f1cbcf-845e-11ec-9c12-0242ac120003,Process_1cl94bg,helicopter_vA,0.212
Process_1cl94bg:1:77f1cbcf-845e-11ec-9c12-0242ac120003,Process_1cl94bg,helicopter_vA,0.071
Process_1cl94bg:1:77f1cbcf-845e-11ec-9c12-0242ac120003,Process_1cl94bg,helicopter_vA,0.082
Process_1cl94bg:1:77f1cbcf-845e-11ec-9c12-0242ac120003,Process_1cl94bg,helicopter_vA,0.124
Process_1cl94bg:1:77f1cbcf-845e-11ec-9c12-0242ac120003,Process_1cl94bg,helicopter_vA,0.083
Process_1cl94bg:1:77f1cbcf-845e-11ec-9c12-0242ac120003,Process_1cl94bg,helicopter_vA,0.063
Process_1cl94bg:1:77f1cbcf-845e-11ec-9c12-0242ac120003,Process_1cl94bg,helicopter_vA,0.093
Process_1cl94bg:1:77f1cbcf-845e-11ec-9c12-0242ac120003,Process_1cl94bg,helicopter_vA,0.045
Process_1cl94bg:1:77f1cbcf-845e-11ec-9c12-0242ac120003,Process_1cl94bg,helicopter_vA,0.067
Process_1cl94bg:1:77f1cbcf-845e-11ec-9c12-0242ac120003,Process_1cl94bg,helicopter_vA,0.071
Process_1cl94bg:1:77f1cbcf-845e-11ec-9c12-0242ac120003,Process_1cl94bg,helicopter_vA,0.074
Process_1cl94bg:1:77f1cbcf-845e-11ec-9c12-0242ac120003,Process_1cl94bg,helicopter_vA,0.079
Process_1cl94bg:1:77f1cbcf-845e-11ec-9c12-0242ac120003,Process_1cl94bg,helicopter_vA,0.073
Process_1cl94bg:1:77f1cbcf-845e-11ec-9c12-0242ac120003,Process_1cl94bg,helicopter_vA,0.062
Process_1cl94bg:1:77f1cbcf-845e-11ec-9c12-0242ac120003,Process_1cl94bg,helicopter_vA,0.048
Process_1cl94bg:1:77f1cbcf-845e-11ec-9c12-0242ac120003,Process_1cl94bg,helicopter_vA,0.076
Process_1cl94bg:1:77f1cbcf-845e-11ec-9c12-0242ac120003,Process_1cl94bg,helicopter_vA,0.294
Process_1cl94bg:1:77f1cbcf-845e-11ec-9c12-0242ac120003,Process_1cl94bg,helicopter_vA,0.114
Process_1cl94bg:1:77f1cbcf-845e-11ec-9c12-0242ac120003,Process_1cl94bg,helicopter_vA,0.11
Process_1cl94bg:1:77f1cbcf-845e-11ec-9c12-0242ac120003,Process_1cl94bg,helicopter_vA,0.066
Process_1cl94bg:1:77f1cbcf-845e-11ec-9c12-0242ac120003,Process_1cl94bg,helicopter_vA,0.126
Process_1cl94bg:1:77f1cbcf-845e-11ec-9c12-0242ac120003,Process_1cl94bg,helicopter_vA,0.076
Process_1cl94bg:1:77f1cbcf-845e-11ec-9c12-0242ac120003,Process_1cl94bg,helicopter_vA,0.113
Process_1cl94bg:1:77f1cbcf-845e-11ec-9c12-0242ac120003,Process_1cl94bg,helicopter_vA,0.057
Process_1cl94bg:1:77f1cbcf-845e-11ec-9c12-0242ac120003,Process_1cl94bg,helicopter_vA,0.245
Process_1cl94bg:1:77f1cbcf-845e-11ec-9c12-0242ac120003,Process_1cl94bg,helicopter_vA,0.077
Process_1cl94bg:1:77f1cbcf-845e-11ec-9c12-0242ac120003,Process_1cl94bg,helicopter_vA,0.116
Process_1cl94bg:1:77f1cbcf-845e-11ec-9c12-0242ac120003,Process_1cl94bg,helicopter_vA,0.078
Process_1cl94bg:1:77f1cbcf-845e-11ec-9c12-0242ac120003,Process_1cl94bg,helicopter_vA,0.172
Process_1cl94bg:1:77f1cbcf-845e-11ec-9c12-0242ac120003,Process_1cl94bg,helicopter_vA,0.09
Process_1cl94bg:1:77f1cbcf-845e-11ec-9c12-0242ac120003,Process_1cl94bg,helicopter_vA,0.094
Process_1cl94bg:1:77f1cbcf-845e-11ec-9c12-0242ac120003,Process_1cl94bg,helicopter_vA,0.227
Process_1cl94bg:1:77f1cbcf-845e-11ec-9c12-0242ac120003,Process_1cl94bg,helicopter_vA,0.198
Process_1cl94bg:1:77f1cbcf-845e-11ec-9c12-0242ac120003,Process_1cl94bg,helicopter_vA,0.084
Process_1cl94bg:1:77f1cbcf-845e-11ec-9c12-0242ac120003,Process_1cl94bg,helicopter_vA,0.07
Process_1cl94bg:1:77f1cbcf-845e-11ec-9c12-0242ac120003,Process_1cl94bg,helicopter_vA,0.085
Process_1cl94bg:1:77f1cbcf-845e-11ec-9c12-0242ac120003,Process_1cl94bg,helicopter_vA,0.115
Process_1cl94bg:1:77f1cbcf-845e-11ec-9c12-0242ac120003,Process_1cl94bg,helicopter_vA,0.086
Process_1cl94bg:1:77f1cbcf-845e-11ec-9c12-0242ac120003,Process_1cl94bg,helicopter_vA,0.083
Process_1cl94bg:1:77f1cbcf-845e-11ec-9c12-0242ac120003,Process_1cl94bg,helicopter_vA,0.335
Process_1cl94bg:1:77f1cbcf-845e-11ec-9c12-0242ac120003,Process_1cl94bg,helicopter_vA,0.147
Process_1cl94bg:1:77f1cbcf-845e-11ec-9c12-0242ac120003,Process_1cl94bg,helicopter_vA,0.097
Process_1cl94bg:1:77f1cbcf-845e-11ec-9c12-0242ac120003,Process_1cl94bg,helicopter_vA,0.118
Process_1cl94bg:1:77f1cbcf-845e-11ec-9c12-0242ac120003,Process_1cl94bg,helicopter_vA,0.092
Process_1cl94bg:1:77f1cbcf-845e-11ec-9c12-0242ac120003,Process_1cl94bg,helicopter_vA,0.08
Process_1cl94bg:1:77f1cbcf-845e-11ec-9c12-0242ac120003,Process_1cl94bg,helicopter_vA,0.149
Process_1cl94bg:1:77f1cbcf-845e-11ec-9c12-0242ac120003,Process_1cl94bg,helicopter_vA,0.078
Process_1cl94bg:1:77f1cbcf-845e-11ec-9c12-0242ac120003,Process_1cl94bg,helicopter_vA,0.138
Process_1cl94bg:1:77f1cbcf-845e-11ec-9c12-0242ac120003,Process_1cl94bg,helicopter_vA,0.101
Process_1cl94bg:1:77f1cbcf-845e-11ec-9c12-0242ac120003,Process_1cl94bg,helicopter_vA,0.08
Process_1cl94bg:1:77f1cbcf-845e-11ec-9c12-0242ac120003,Process_1cl94bg,helicopter_vA,0.126
Process_1cl94bg:1:77f1cbcf-845e-11ec-9c12-0242ac120003,Process_1cl94bg,helicopter_vA,0.162
Process_1cl94bg:1:77f1cbcf-845e-11ec-9c12-0242ac120003,Process_1cl94bg,helicopter_vA,0.18
Process_1cl94bg:1:77f1cbcf-845e-11ec-9c12-0242ac120003,Process_1cl94bg,helicopter_vA,0.179
Process_1cl94bg:1:77f1cbcf-845e-11ec-9c12-0242ac120003,Process_1cl94bg,helicopter_vA,0.171
Process_1cl94bg:1:77f1cbcf-845e-11ec-9c12-0242ac120003,Process_1cl94bg,helicopter_vA,0.112
Process_1cl94bg:1:77f1cbcf-845e-11ec-9c12-0242ac120003,Process_1cl94bg,helicopter_vA,0.102
Process_1cl94bg:1:77f1cbcf-845e-11ec-9c12-0242ac120003,Process_1cl94bg,helicopter_vA,0.077
Process_1cl94bg:1:77f1cbcf-845e-11ec-9c12-0242ac120003,Process_1cl94bg,helicopter_vA,0.113
Process_1cl94bg:1:77f1cbcf-845e-11ec-9c12-0242ac120003,Process_1cl94bg,helicopter_vA,0.104
Process_1cl94bg:1:77f1cbcf-845e-11ec-9c12-0242ac120003,Process_1cl94bg,helicopter_vA,0.249
Process_1cl94bg:1:77f1cbcf-845e-11ec-9c12-0242ac120003,Process_1cl94bg,helicopter_vA,0.103
Process_1cl94bg:1:77f1cbcf-845e-11ec-9c12-0242ac120003,Process_1cl94bg,helicopter_vA,0.206
Process_1cl94bg:1:77f1cbcf-845e-11ec-9c12-0242ac120003,Process_1cl94bg,helicopter_vA,0.088
Process_1cl94bg:1:77f1cbcf-845e-11ec-9c12-0242ac120003,Process_1cl94bg,helicopter_vA,0.303
Process_1cl94bg:1:77f1cbcf-845e-11ec-9c12-0242ac120003,Process_1cl94bg,helicopter_vA,0.115
Process_1cl94bg:1:77f1cbcf-845e-11ec-9c12-0242ac120003,Process_1cl94bg,helicopter_vA,0.171
Process_1cl94bg:1:77f1cbcf-845e-11ec-9c12-0242ac120003,Process_1cl94bg,helicopter_vA,0.081
Process_1cl94bg:1:77f1cbcf-845e-11ec-9c12-0242ac120003,Process_1cl94bg,helicopter_vA,0.22
Process_1cl94bg:1:77f1cbcf-845e-11ec-9c12-0242ac120003,Process_1cl94bg,helicopter_vA,0.082
Process_1cl94bg:1:77f1cbcf-845e-11ec-9c12-0242ac120003,Process_1cl94bg,helicopter_vA,0.198
Process_1cl94bg:1:77f1cbcf-845e-11ec-9c12-0242ac120003,Process_1cl94bg,helicopter_vA,0.119
Process_1cl94bg:1:77f1cbcf-845e-11ec-9c12-0242ac120003,Process_1cl94bg,helicopter_vA,0.108
Process_1cl94bg:1:77f1cbcf-845e-11ec-9c12-0242ac120003,Process_1cl94bg,helicopter_vA,0.345
Process_1cl94bg:1:77f1cbcf-845e-11ec-9c12-0242ac120003,Process_1cl94bg,helicopter_vA,0.429
Process_1cl94bg:1:77f1cbcf-845e-11ec-9c12-0242ac120003,Process_1cl94bg,helicopter_vA,0.162
Process_1cl94bg:1:77f1cbcf-845e-11ec-9c12-0242ac120003,Process_1cl94bg,helicopter_vA,0.513
Process_1cl94bg:1:77f1cbcf-845e-11ec-9c12-0242ac120003,Process_1cl94bg,helicopter_vA,0.418
Process_1cl94bg:1:77f1cbcf-845e-11ec-9c12-0242ac120003,Process_1cl94bg,helicopter_vA,0.211
Process_1cl94bg:1:77f1cbcf-845e-11ec-9c12-0242ac120003,Process_1cl94bg,helicopter_vA,0.12
Process_1cl94bg:1:77f1cbcf-845e-11ec-9c12-0242ac120003,Process_1cl94bg,helicopter_vA,0.107
Process_1cl94bg:1:77f1cbcf-845e-11ec-9c12-0242ac120003,Process_1cl94bg,helicopter_vA,0.083
Process_1cl94bg:1:77f1cbcf-845e-11ec-9c12-0242ac120003,Process_1cl94bg,helicopter_vA,0.058
Process_1cl94bg:1:77f1cbcf-845e-11ec-9c12-0242ac120003,Process_1cl94bg,helicopter_vA,0.133
Process_1cl94bg:1:77f1cbcf-845e-11ec-9c12-0242ac120003,Process_1cl94bg,helicopter_vA,0.28
Process_1cl94bg:1:77f1cbcf-845e-11ec-9c12-0242ac120003,Process_1cl94bg,helicopter_vA,0.087
Process_1cl94bg:1:77f1cbcf-845e-11ec-9c12-0242ac120003,Process_1cl94bg,helicopter_vA,0.144
Process_1cl94bg:1:77f1cbcf-845e-11ec-9c12-0242ac120003,Process_1cl94bg,helicopter_vA,0.118
Process_1cl94bg:1:77f1cbcf-845e-11ec-9c12-0242ac120003,Process_1cl94bg,helicopter_vA,0.124
Process_1cl94bg:1:77f1cbcf-845e-11ec-9c12-0242ac120003,Process_1cl94bg,helicopter_vA,0.147
Process_1cl94bg:1:77f1cbcf-845e-11ec-9c12-0242ac120003,Process_1cl94bg,helicopter_vA,0.082
Process_1cl94bg:1:77f1cbcf-845e-11ec-9c12-0242ac120003,Process_1cl94bg,helicopter_vA,0.083
Process_1cl94bg:1:77f1cbcf-845e-11ec-9c12-0242ac120003,Process_1cl94bg,helicopter_vA,0.127
Process_1cl94bg:1:77f1cbcf-845e-11ec-9c12-0242ac120003,Process_1cl94bg,helicopter_vA,0.087
Process_1cl94bg:1:77f1cbcf-845e-11ec-9c12-0242ac120003,Process_1cl94bg,helicopter_vA,0.121
Process_1cl94bg:1:77f1cbcf-845e-11ec-9c12-0242ac120003,Process_1cl94bg,helicopter_vA,0.071
Process_1cl94bg:1:77f1cbcf-845e-11ec-9c12-0242ac120003,Process_1cl94bg,helicopter_vA,0.177
Process_1cl94bg:1:77f1cbcf-845e-11ec-9c12-0242ac120003,Process_1cl94bg,helicopter_vA,0.069
Process_1cl94bg:1:77f1cbcf-845e-11ec-9c12-0242ac120003,Process_1cl94bg,helicopter_vA,0.084
Process_1cl94bg:1:77f1cbcf-845e-11ec-9c12-0242ac120003,Process_1cl94bg,helicopter_vA,0.058
Process_1cl94bg:1:77f1cbcf-845e-11ec-9c12-0242ac120003,Process_1cl94bg,helicopter_vA,0.083
Process_1cl94bg:1:77f1cbcf-845e-11ec-9c12-0242ac120003,Process_1cl94bg,helicopter_vA,0.065
Process_1cl94bg:1:77f1cbcf-845e-11ec-9c12-0242ac120003,Process_1cl94bg,helicopter_vA,0.075
Process_1cl94bg:1:77f1cbcf-845e-11ec-9c12-0242ac120003,Process_1cl94bg,helicopter_vA,0.092
Process_1cl94bg:1:77f1cbcf-845e-11ec-9c12-0242ac120003,Process_1cl94bg,helicopter_vA,0.086
Process_1cl94bg:1:77f1cbcf-845e-11ec-9c12-0242ac120003,Process_1cl94bg,helicopter_vA,0.083
Process_1cl94bg:1:77f1cbcf-845e-11ec-9c12-0242ac120003,Process_1cl94bg,helicopter_vA,0.174
Process_1cl94bg:1:77f1cbcf-845e-11ec-9c12-0242ac120003,Process_1cl94bg,helicopter_vA,0.14
Process_1cl94bg:1:77f1cbcf-845e-11ec-9c12-0242ac120003,Process_1cl94bg,helicopter_vA,0.158
Process_1cl94bg:1:77f1cbcf-845e-11ec-9c12-0242ac120003,Process_1cl94bg,helicopter_vA,0.087
Process_1cl94bg:1:77f1cbcf-845e-11ec-9c12-0242ac120003,Process_1cl94bg,helicopter_vA,0.214
Process_1cl94bg:1:77f1cbcf-845e-11ec-9c12-0242ac120003,Process_1cl94bg,helicopter_vA,0.092
Process_1cl94bg:1:77f1cbcf-845e-11ec-9c12-0242ac120003,Process_1cl94bg,helicopter_vA,0.376
Process_1cl94bg:1:77f1cbcf-845e-11ec-9c12-0242ac120003,Process_1cl94bg,helicopter_vA,0.077
Process_1cl94bg:1:77f1cbcf-845e-11ec-9c12-0242ac120003,Process_1cl94bg,helicopter_vA,0.262
Process_1cl94bg:1:77f1cbcf-845e-11ec-9c12-0242ac120003,Process_1cl94bg,helicopter_vA,0.096
Process_1cl94bg:1:77f1cbcf-845e-11ec-9c12-0242ac120003,Process_1cl94bg,helicopter_vA,0.437
Process_1cl94bg:1:77f1cbcf-845e-11ec-9c12-0242ac120003,Process_1cl94bg,helicopter_vA,0.055
Process_1cl94bg:1:77f1cbcf-845e-11ec-9c12-0242ac120003,Process_1cl94bg,helicopter_vA,0.618
Process_1cl94bg:1:77f1cbcf-845e-11ec-9c12-0242ac120003,Process_1cl94bg,helicopter_vA,0.115
Process_1cl94bg:1:77f1cbcf-845e-11ec-9c12-0242ac120003,Process_1cl94bg,helicopter_vA,0.125
Process_1cl94bg:1:77f1cbcf-845e-11ec-9c12-0242ac120003,Process_1cl94bg,helicopter_vA,0.085
Process_1cl94bg:1:77f1cbcf-845e-11ec-9c12-0242ac120003,Process_1cl94bg,helicopter_vA,0.412
Process_1cl94bg:1:77f1cbcf-845e-11ec-9c12-0242ac120003,Process_1cl94bg,helicopter_vA,0.087
Process_1cl94bg:1:77f1cbcf-845e-11ec-9c12-0242ac120003,Process_1cl94bg,helicopter_vA,0.853
Process_1cl94bg:1:77f1cbcf-845e-11ec-9c12-0242ac120003,Process_1cl94bg,helicopter_vA,0.076
Process_1cl94bg:1:77f1cbcf-845e-11ec-9c12-0242ac120003,Process_1cl94bg,helicopter_vA,0.762
Process_1cl94bg:1:77f1cbcf-845e-11ec-9c12-0242ac120003,Process_1cl94bg,helicopter_vA,0.106
Process_1cl94bg:1:77f1cbcf-845e-11ec-9c12-0242ac120003,Process_1cl94bg,helicopter_vA,0.634
Process_1cl94bg:1:77f1cbcf-845e-11ec-9c12-0242ac120003,Process_1cl94bg,helicopter_vA,0.095
Process_1cl94bg:1:77f1cbcf-845e-11ec-9c12-0242ac120003,Process_1cl94bg,helicopter_vA,0.431
Process_1cl94bg:1:77f1cbcf-845e-11ec-9c12-0242ac120003,Process_1cl94bg,helicopter_vA,0.099
Process_1cl94bg:1:77f1cbcf-845e-11ec-9c12-0242ac120003,Process_1cl94bg,helicopter_vA,0.332
Process_1cl94bg:1:77f1cbcf-845e-11ec-9c12-0242ac120003,Process_1cl94bg,helicopter_vA,0.097
Process_1cl94bg:1:77f1cbcf-845e-11ec-9c12-0242ac120003,Process_1cl94bg,helicopter_vA,0.167
Process_1cl94bg:1:77f1cbcf-845e-11ec-9c12-0242ac120003,Process_1cl94bg,helicopter_vA,0.072
Process_1cl94bg:1:77f1cbcf-845e-11ec-9c12-0242ac120003,Process_1cl94bg,helicopter_vA,0.107
Process_1cl94bg:1:77f1cbcf-845e-11ec-9c12-0242ac120003,Process_1cl94bg,helicopter_vA,0.066
Process_1cl94bg:1:77f1cbcf-845e-11ec-9c12-0242ac120003,Process_1cl94bg,helicopter_vA,0.064
Process_1cl94bg:1:77f1cbcf-845e-11ec-9c12-0242ac120003,Process_1cl94bg,helicopter_vA,0.134
Process_1cl94bg:1:77f1cbcf-845e-11ec-9c12-0242ac120003,Process_1cl94bg,helicopter_vA,0.08
Process_1cl94bg:1:77f1cbcf-845e-11ec-9c12-0242ac120003,Process_1cl94bg,helicopter_vA,0.118
Process_1cl94bg:1:77f1cbcf-845e-11ec-9c12-0242ac120003,Process_1cl94bg,helicopter_vA,0.058
Process_1cl94bg:1:77f1cbcf-845e-11ec-9c12-0242ac120003,Process_1cl94bg,helicopter_vA,0.24
Process_1cl94bg:1:77f1cbcf-845e-11ec-9c12-0242ac120003,Process_1cl94bg,helicopter_vA,0.08
Process_1cl94bg:1:77f1cbcf-845e-11ec-9c12-0242ac120003,Process_1cl94bg,helicopter_vA,0.082
Process_1cl94bg:1:77f1cbcf-845e-11ec-9c12-0242ac120003,Process_1cl94bg,helicopter_vA,0.058
Process_1cl94bg:1:77f1cbcf-845e-11ec-9c12-0242ac120003,Process_1cl94bg,helicopter_vA,0.072
Process_1cl94bg:1:77f1cbcf-845e-11ec-9c12-0242ac120003,Process_1cl94bg,helicopter_vA,0.057
Process_1cl94bg:1:77f1cbcf-845e-11ec-9c12-0242ac120003,Process_1cl94bg,helicopter_vA,0.06
Process_1cl94bg:1:77f1cbcf-845e-11ec-9c12-0242ac120003,Process_1cl94bg,helicopter_vA,0.051
Process_1cl94bg:1:77f1cbcf-845e-11ec-9c12-0242ac120003,Process_1cl94bg,helicopter_vA,0.095
Process_1cl94bg:1:77f1cbcf-845e-11ec-9c12-0242ac120003,Process_1cl94bg,helicopter_vA,0.06
Process_1cl94bg:1:77f1cbcf-845e-11ec-9c12-0242ac120003,Process_1cl94bg,helicopter_vA,0.036
Process_1cl94bg:1:77f1cbcf-845e-11ec-9c12-0242ac120003,Process_1cl94bg,helicopter_vA,0.068
Process_1cl94bg:1:77f1cbcf-845e-11ec-9c12-0242ac120003,Process_1cl94bg,helicopter_vA,0.09
Process_1cl94bg:1:77f1cbcf-845e-11ec-9c12-0242ac120003,Process_1cl94bg,helicopter_vA,0.083
Process_1cl94bg:1:77f1cbcf-845e-11ec-9c12-0242ac120003,Process_1cl94bg,helicopter_vA,0.067
Process_1cl94bg:1:77f1cbcf-845e-11ec-9c12-0242ac120003,Process_1cl94bg,helicopter_vA,0.073
Process_1cl94bg:1:77f1cbcf-845e-11ec-9c12-0242ac120003,Process_1cl94bg,helicopter_vA,0.064
Process_1cl94bg:1:77f1cbcf-845e-11ec-9c12-0242ac120003,Process_1cl94bg,helicopter_vA,0.123
Process_1cl94bg:1:77f1cbcf-845e-11ec-9c12-0242ac120003,Process_1cl94bg,helicopter_vA,0.058
Process_1cl94bg:1:77f1cbcf-845e-11ec-9c12-0242ac120003,Process_1cl94bg,helicopter_vA,0.024
Process_1cl94bg:1:77f1cbcf-845e-11ec-9c12-0242ac120003,Process_1cl94bg,helicopter_vA,0.06
Process_1cl94bg:1:77f1cbcf-845e-11ec-9c12-0242ac120003,Process_1cl94bg,helicopter_vA,0.065
Process_1cl94bg:1:77f1cbcf-845e-11ec-9c12-0242ac120003,Process_1cl94bg,helicopter_vA,0.047
Process_1cl94bg:1:77f1cbcf-845e-11ec-9c12-0242ac120003,Process_1cl94bg,helicopter_vA,0.061
Process_1cl94bg:1:77f1cbcf-845e-11ec-9c12-0242ac120003,Process_1cl94bg,helicopter_vA,0.116
Process_1cl94bg:1:77f1cbcf-845e-11ec-9c12-0242ac120003,Process_1cl94bg,helicopter_vA,0.064
Process_1cl94bg:1:77f1cbcf-845e-11ec-9c12-0242ac120003,Process_1cl94bg,helicopter_vA,0.083
Process_1cl94bg:1:77f1cbcf-845e-11ec-9c12-0242ac120003,Process_1cl94bg,helicopter_vA,0.082
Process_1cl94bg:1:77f1cbcf-845e-11ec-9c12-0242ac120003,Process_1cl94bg,helicopter_vA,0.095
Process_1cl94bg:1:77f1cbcf-845e-11ec-9c12-0242ac120003,Process_1cl94bg,helicopter_vA,0.091
Process_1cl94bg:1:77f1cbcf-845e-11ec-9c12-0242ac120003,Process_1cl94bg,helicopter_vA,0.093
Process_1cl94bg:1:77f1cbcf-845e-11ec-9c12-0242ac120003,Process_1cl94bg,helicopter_vA,0.052
Process_1cl94bg:1:77f1cbcf-845e-11ec-9c12-0242ac120003,Process_1cl94bg,helicopter_vA,0.106
Process_1cl94bg:1:77f1cbcf-845e-11ec-9c12-0242ac120003,Process_1cl94bg,helicopter_vA,0.067
Process_1cl94bg:1:77f1cbcf-845e-11ec-9c12-0242ac120003,Process_1cl94bg,helicopter_vA,0.089
Process_1cl94bg:1:77f1cbcf-845e-11ec-9c12-0242ac120003,Process_1cl94bg,helicopter_vA,0.075
Process_1cl94bg:1:77f1cbcf-845e-11ec-9c12-0242ac120003,Process_1cl94bg,helicopter_vA,0.081
Process_1cl94bg:1:77f1cbcf-845e-11ec-9c12-0242ac120003,Process_1cl94bg,helicopter_vA,0.056
Process_1cl94bg:1:77f1cbcf-845e-11ec-9c12-0242ac120003,Process_1cl94bg,helicopter_vA,0.086
Process_1cl94bg:1:77f1cbcf-845e-11ec-9c12-0242ac120003,Process_1cl94bg,helicopter_vA,0.239
Process_1cl94bg:1:77f1cbcf-845e-11ec-9c12-0242ac120003,Process_1cl94bg,helicopter_vA,0.066
Process_1cl94bg:1:77f1cbcf-845e-11ec-9c12-0242ac120003,Process_1cl94bg,helicopter_vA,0.058
Process_1cl94bg:1:77f1cbcf-845e-11ec-9c12-0242ac120003,Process_1cl94bg,helicopter_vA,0.058
Process_1cl94bg:1:77f1cbcf-845e-11ec-9c12-0242ac120003,Process_1cl94bg,helicopter_vA,0.089
Process_1cl94bg:1:77f1cbcf-845e-11ec-9c12-0242ac120003,Process_1cl94bg,helicopter_vA,0.089
Process_1cl94bg:1:77f1cbcf-845e-11ec-9c12-0242ac120003,Process_1cl94bg,helicopter_vA,0.132
Process_1cl94bg:1:77f1cbcf-845e-11ec-9c12-0242ac120003,Process_1cl94bg,helicopter_vA,0.073
Process_1cl94bg:1:77f1cbcf-845e-11ec-9c12-0242ac120003,Process_1cl94bg,helicopter_vA,0.289
Process_1cl94bg:1:77f1cbcf-845e-11ec-9c12-0242ac120003,Process_1cl94bg,helicopter_vA,0.094
Process_1cl94bg:1:77f1cbcf-845e-11ec-9c12-0242ac120003,Process_1cl94bg,helicopter_vA,0.135
Process_1cl94bg:1:77f1cbcf-845e-11ec-9c12-0242ac120003,Process_1cl94bg,helicopter_vA,0.086
Process_1cl94bg:1:77f1cbcf-845e-11ec-9c12-0242ac120003,Process_1cl94bg,helicopter_vA,0.076
Process_1cl94bg:1:77f1cbcf-845e-11ec-9c12-0242ac120003,Process_1cl94bg,helicopter_vA,0.08
Process_1cl94bg:1:77f1cbcf-845e-11ec-9c12-0242ac120003,Process_1cl94bg,helicopter_vA,0.067
Process_1cl94bg:1:77f1cbcf-845e-11ec-9c12-0242ac120003,Process_1cl94bg,helicopter_vA,0.089
Process_1cl94bg:1:77f1cbcf-845e-11ec-9c12-0242ac120003,Process_1cl94bg,helicopter_vA,0.091
Process_1cl94bg:1:77f1cbcf-845e-11ec-9c12-0242ac120003,Process_1cl94bg,helicopter_vA,0.074
Process_1cl94bg:1:77f1cbcf-845e-11ec-9c12-0242ac120003,Process_1cl94bg,helicopter_vA,0.091
Process_1cl94bg:1:77f1cbcf-845e-11ec-9c12-0242ac120003,Process_1cl94bg,helicopter_vA,0.071
Process_1cl94bg:1:77f1cbcf-845e-11ec-9c12-0242ac120003,Process_1cl94bg,helicopter_vA,0.132
Process_1cl94bg:1:77f1cbcf-845e-11ec-9c12-0242ac120003,Process_1cl94bg,helicopter_vA,0.088
Process_1cl94bg:1:77f1cbcf-845e-11ec-9c12-0242ac120003,Process_1cl94bg,helicopter_vA,0.131
Process_1cl94bg:1:77f1cbcf-845e-11ec-9c12-0242ac120003,Process_1cl94bg,helicopter_vA,0.099
Process_1cl94bg:1:77f1cbcf-845e-11ec-9c12-0242ac120003,Process_1cl94bg,helicopter_vA,0.26
Process_1cl94bg:1:77f1cbcf-845e-11ec-9c12-0242ac120003,Process_1cl94bg,helicopter_vA,0.079
Process_1cl94bg:1:77f1cbcf-845e-11ec-9c12-0242ac120003,Process_1cl94bg,helicopter_vA,0.151
Process_1cl94bg:1:77f1cbcf-845e-11ec-9c12-0242ac120003,Process_1cl94bg,helicopter_vA,0.089
Process_1cl94bg:1:77f1cbcf-845e-11ec-9c12-0242ac120003,Process_1cl94bg,helicopter_vA,0.132
Process_1cl94bg:1:77f1cbcf-845e-11ec-9c12-0242ac120003,Process_1cl94bg,helicopter_vA,0.089
Process_1cl94bg:1:77f1cbcf-845e-11ec-9c12-0242ac120003,Process_1cl94bg,helicopter_vA,0.086
Process_1cl94bg:1:77f1cbcf-845e-11ec-9c12-0242ac120003,Process_1cl94bg,helicopter_vA,0.092
Process_1cl94bg:1:77f1cbcf-845e-11ec-9c12-0242ac120003,Process_1cl94bg,helicopter_vA,0.174
Process_1cl94bg:1:77f1cbcf-845e-11ec-9c12-0242ac120003,Process_1cl94bg,helicopter_vA,0.097
Process_1cl94bg:1:77f1cbcf-845e-11ec-9c12-0242ac120003,Process_1cl94bg,helicopter_vA,0.424
Process_1cl94bg:1:77f1cbcf-845e-11ec-9c12-0242ac120003,Process_1cl94bg,helicopter_vA,0.069
Process_1cl94bg:1:77f1cbcf-845e-11ec-9c12-0242ac120003,Process_1cl94bg,helicopter_vA,0.188
Process_1cl94bg:1:77f1cbcf-845e-11ec-9c12-0242ac120003,Process_1cl94bg,helicopter_vA,0.086
Process_1cl94bg:1:77f1cbcf-845e-11ec-9c12-0242ac120003,Process_1cl94bg,helicopter_vA,0.107
Process_1cl94bg:1:77f1cbcf-845e-11ec-9c12-0242ac120003,Process_1cl94bg,helicopter_vA,0.087
Process_1cl94bg:1:77f1cbcf-845e-11ec-9c12-0242ac120003,Process_1cl94bg,helicopter_vA,0.107
Process_1cl94bg:1:77f1cbcf-845e-11ec-9c12-0242ac120003,Process_1cl94bg,helicopter_vA,0.298
Process_1cl94bg:1:77f1cbcf-845e-11ec-9c12-0242ac120003,Process_1cl94bg,helicopter_vA,0.199
Process_1cl94bg:1:77f1cbcf-845e-11ec-9c12-0242ac120003,Process_1cl94bg,helicopter_vA,0.062
Process_1cl94bg:1:77f1cbcf-845e-11ec-9c12-0242ac120003,Process_1cl94bg,helicopter_vA,0.117
Process_1cl94bg:1:77f1cbcf-845e-11ec-9c12-0242ac120003,Process_1cl94bg,helicopter_vA,0.054
Process_1cl94bg:1:77f1cbcf-845e-11ec-9c12-0242ac120003,Process_1cl94bg,helicopter_vA,0.133
Process_1cl94bg:1:77f1cbcf-845e-11ec-9c12-0242ac120003,Process_1cl94bg,helicopter_vA,0.081
Process_1cl94bg:1:77f1cbcf-845e-11ec-9c12-0242ac120003,Process_1cl94bg,helicopter_vA,0.308
Process_1cl94bg:1:77f1cbcf-845e-11ec-9c12-0242ac120003,Process_1cl94bg,helicopter_vA,0.07
Process_1cl94bg:1:77f1cbcf-845e-11ec-9c12-0242ac120003,Process_1cl94bg,helicopter_vA,0.192
Process_1cl94bg:1:77f1cbcf-845e-11ec-9c12-0242ac120003,Process_1cl94bg,helicopter_vA,0.076
Process_1cl94bg:1:77f1cbcf-845e-11ec-9c12-0242ac120003,Process_1cl94bg,helicopter_vA,0.083
Process_1cl94bg:1:77f1cbcf-845e-11ec-9c12-0242ac120003,Process_1cl94bg,helicopter_vA,0.063
Process_1cl94bg:1:77f1cbcf-845e-11ec-9c12-0242ac120003,Process_1cl94bg,helicopter_vA,0.071
Process_1cl94bg:1:77f1cbcf-845e-11ec-9c12-0242ac120003,Process_1cl94bg,helicopter_vA,0.058
Process_1cl94bg:1:77f1cbcf-845e-11ec-9c12-0242ac120003,Process_1cl94bg,helicopter_vA,0.098
Process_1cl94bg:1:77f1cbcf-845e-11ec-9c12-0242ac120003,Process_1cl94bg,helicopter_vA,0.066
Process_1cl94bg:1:77f1cbcf-845e-11ec-9c12-0242ac120003,Process_1cl94bg,helicopter_vA,0.025
Process_1cl94bg:1:77f1cbcf-845e-11ec-9c12-0242ac120003,Process_1cl94bg,helicopter_vA,0.093
Process_1cl94bg:1:77f1cbcf-845e-11ec-9c12-0242ac120003,Process_1cl94bg,helicopter_vA,0.18
Process_1cl94bg:1:77f1cbcf-845e-11ec-9c12-0242ac120003,Process_1cl94bg,helicopter_vA,0.112
Process_1cl94bg:1:77f1cbcf-845e-11ec-9c12-0242ac120003,Process_1cl94bg,helicopter_vA,0.176
Process_1cl94bg:1:77f1cbcf-845e-11ec-9c12-0242ac120003,Process_1cl94bg,helicopter_vA,0.098
Process_1cl94bg:1:77f1cbcf-845e-11ec-9c12-0242ac120003,Process_1cl94bg,helicopter_vA,0.187
Process_1cl94bg:1:77f1cbcf-845e-11ec-9c12-0242ac120003,Process_1cl94bg,helicopter_vA,0.049
Process_1cl94bg:1:77f1cbcf-845e-11ec-9c12-0242ac120003,Process_1cl94bg,helicopter_vA,0.184
Process_1cl94bg:1:77f1cbcf-845e-11ec-9c12-0242ac120003,Process_1cl94bg,helicopter_vA,0.079
Process_1cl94bg:1:77f1cbcf-845e-11ec-9c12-0242ac120003,Process_1cl94bg,helicopter_vA,0.272
Process_1cl94bg:1:77f1cbcf-845e-11ec-9c12-0242ac120003,Process_1cl94bg,helicopter_vA,0.052
Process_1cl94bg:1:77f1cbcf-845e-11ec-9c12-0242ac120003,Process_1cl94bg,helicopter_vA,0.038
Process_1cl94bg:1:77f1cbcf-845e-11ec-9c12-0242ac120003,Process_1cl94bg,helicopter_vA,0.081
Process_1cl94bg:1:77f1cbcf-845e-11ec-9c12-0242ac120003,Process_1cl94bg,helicopter_vA,0.067
Process_1cl94bg:1:77f1cbcf-845e-11ec-9c12-0242ac120003,Process_1cl94bg,helicopter_vA,0.082
Process_1cl94bg:1:77f1cbcf-845e-11ec-9c12-0242ac120003,Process_1cl94bg,helicopter_vA,0.122
Process_1cl94bg:1:77f1cbcf-845e-11ec-9c12-0242ac120003,Process_1cl94bg,helicopter_vA,0.082
Process_1cl94bg:1:77f1cbcf-845e-11ec-9c12-0242ac120003,Process_1cl94bg,helicopter_vA,0.086
Process_1cl94bg:1:77f1cbcf-845e-11ec-9c12-0242ac120003,Process_1cl94bg,helicopter_vA,0.06
Process_1cl94bg:1:77f1cbcf-845e-11ec-9c12-0242ac120003,Process_1cl94bg,helicopter_vA,0.155
Process_1cl94bg:1:77f1cbcf-845e-11ec-9c12-0242ac120003,Process_1cl94bg,helicopter_vA,0.113
Process_1cl94bg:1:77f1cbcf-845e-11ec-9c12-0242ac120003,Process_1cl94bg,helicopter_vA,0.085
Process_1cl94bg:1:77f1cbcf-845e-11ec-9c12-0242ac120003,Process_1cl94bg,helicopter_vA,0.099
Process_1cl94bg:1:77f1cbcf-845e-11ec-9c12-0242ac120003,Process_1cl94bg,helicopter_vA,0.105
Process_1cl94bg:1:77f1cbcf-845e-11ec-9c12-0242ac120003,Process_1cl94bg,helicopter_vA,0.093
Process_1cl94bg:1:77f1cbcf-845e-11ec-9c12-0242ac120003,Process_1cl94bg,helicopter_vA,0.081
Process_1cl94bg:1:77f1cbcf-845e-11ec-9c12-0242ac120003,Process_1cl94bg,helicopter_vA,0.121
Process_1cl94bg:1:77f1cbcf-845e-11ec-9c12-0242ac120003,Process_1cl94bg,helicopter_vA,0.13
Process_1cl94bg:1:77f1cbcf-845e-11ec-9c12-0242ac120003,Process_1cl94bg,helicopter_vA,0.09
Process_1cl94bg:1:77f1cbcf-845e-11ec-9c12-0242ac120003,Process_1cl94bg,helicopter_vA,0.08
Process_1cl94bg:1:77f1cbcf-845e-11ec-9c12-0242ac120003,Process_1cl94bg,helicopter_vA,0.107
Process_1cl94bg:1:77f1cbcf-845e-11ec-9c12-0242ac120003,Process_1cl94bg,helicopter_vA,0.096
Process_1cl94bg:1:77f1cbcf-845e-11ec-9c12-0242ac120003,Process_1cl94bg,helicopter_vA,0.117
Process_1cl94bg:1:77f1cbcf-845e-11ec-9c12-0242ac120003,Process_1cl94bg,helicopter_vA,0.164
Process_1cl94bg:1:77f1cbcf-845e-11ec-9c12-0242ac120003,Process_1cl94bg,helicopter_vA,0.125
Process_1cl94bg:1:77f1cbcf-845e-11ec-9c12-0242ac120003,Process_1cl94bg,helicopter_vA,0.148
Process_1cl94bg:1:77f1cbcf-845e-11ec-9c12-0242ac120003,Process_1cl94bg,helicopter_vA,0.224
Process_1cl94bg:1:77f1cbcf-845e-11ec-9c12-0242ac120003,Process_1cl94bg,helicopter_vA,0.151
Process_1cl94bg:1:77f1cbcf-845e-11ec-9c12-0242ac120003,Process_1cl94bg,helicopter_vA,0.076
Process_1cl94bg:1:77f1cbcf-845e-11ec-9c12-0242ac120003,Process_1cl94bg,helicopter_vA,0.084
Process_1cl94bg:1:77f1cbcf-845e-11ec-9c12-0242ac120003,Process_1cl94bg,helicopter_vA,0.132
Process_1cl94bg:1:77f1cbcf-845e-11ec-9c12-0242ac120003,Process_1cl94bg,helicopter_vA,0.097
Process_1cl94bg:1:77f1cbcf-845e-11ec-9c12-0242ac120003,Process_1cl94bg,helicopter_vA,0.152
Process_1cl94bg:1:77f1cbcf-845e-11ec-9c12-0242ac120003,Process_1cl94bg,helicopter_vA,0.112
Process_1cl94bg:1:77f1cbcf-845e-11ec-9c12-0242ac120003,Process_1cl94bg,helicopter_vA,0.122
Process_1cl94bg:1:77f1cbcf-845e-11ec-9c12-0242ac120003,Process_1cl94bg,helicopter_vA,0.139
Process_1cl94bg:1:77f1cbcf-845e-11ec-9c12-0242ac120003,Process_1cl94bg,helicopter_vA,0.089
Process_1cl94bg:1:77f1cbcf-845e-11ec-9c12-0242ac120003,Process_1cl94bg,helicopter_vA,0.11
Process_1cl94bg:1:77f1cbcf-845e-11ec-9c12-0242ac120003,Process_1cl94bg,helicopter_vA,0.096
Process_1cl94bg:1:77f1cbcf-845e-11ec-9c12-0242ac120003,Process_1cl94bg,helicopter_vA,0.099
Process_1cl94bg:1:77f1cbcf-845e-11ec-9c12-0242ac120003,Process_1cl94bg,helicopter_vA,0.124
Process_1cl94bg:1:77f1cbcf-845e-11ec-9c12-0242ac120003,Process_1cl94bg,helicopter_vA,0.224
Process_1cl94bg:1:77f1cbcf-845e-11ec-9c12-0242ac120003,Process_1cl94bg,helicopter_vA,0.13
Process_1cl94bg:1:77f1cbcf-845e-11ec-9c12-0242ac120003,Process_1cl94bg,helicopter_vA,0.143
Process_1cl94bg:1:77f1cbcf-845e-11ec-9c12-0242ac120003,Process_1cl94bg,helicopter_vA,0.09
Process_1cl94bg:1:77f1cbcf-845e-11ec-9c12-0242ac120003,Process_1cl94bg,helicopter_vA,0.114
Process_1cl94bg:1:77f1cbcf-845e-11ec-9c12-0242ac120003,Process_1cl94bg,helicopter_vA,0.075
Process_1cl94bg:1:77f1cbcf-845e-11ec-9c12-0242ac120003,Process_1cl94bg,helicopter_vA,0.081
Process_1cl94bg:1:77f1cbcf-845e-11ec-9c12-0242ac120003,Process_1cl94bg,helicopter_vA,0.068
Process_1cl94bg:1:77f1cbcf-845e-11ec-9c12-0242ac120003,Process_1cl94bg,helicopter_vA,0.104
Process_1cl94bg:1:77f1cbcf-845e-11ec-9c12-0242ac120003,Process_1cl94bg,helicopter_vA,0.051
Process_1cl94bg:1:77f1cbcf-845e-11ec-9c12-0242ac120003,Process_1cl94bg,helicopter_vA,0.249
Process_1cl94bg:1:77f1cbcf-845e-11ec-9c12-0242ac120003,Process_1cl94bg,helicopter_vA,0.281
Process_1cl94bg:1:77f1cbcf-845e-11ec-9c12-0242ac120003,Process_1cl94bg,helicopter_vA,0.073
Process_1cl94bg:1:77f1cbcf-845e-11ec-9c12-0242ac120003,Process_1cl94bg,helicopter_vA,0.231
Process_1cl94bg:1:77f1cbcf-845e-11ec-9c12-0242ac120003,Process_1cl94bg,helicopter_vA,0.089
Process_1cl94bg:1:77f1cbcf-845e-11ec-9c12-0242ac120003,Process_1cl94bg,helicopter_vA,0.098
Process_1cl94bg:1:77f1cbcf-845e-11ec-9c12-0242ac120003,Process_1cl94bg,helicopter_vA,0.435
Process_1cl94bg:1:77f1cbcf-845e-11ec-9c12-0242ac120003,Process_1cl94bg,helicopter_vA,0.116
Process_1cl94bg:1:77f1cbcf-845e-11ec-9c12-0242ac120003,Process_1cl94bg,helicopter_vA,0.085
Process_1cl94bg:1:77f1cbcf-845e-11ec-9c12-0242ac120003,Process_1cl94bg,helicopter_vA,0.488
Process_1cl94bg:1:77f1cbcf-845e-11ec-9c12-0242ac120003,Process_1cl94bg,helicopter_vA,0.157
Process_1cl94bg:1:77f1cbcf-845e-11ec-9c12-0242ac120003,Process_1cl94bg,helicopter_vA,0.1
Process_1cl94bg:1:77f1cbcf-845e-11ec-9c12-0242ac120003,Process_1cl94bg,helicopter_vA,0.081
Process_1cl94bg:1:77f1cbcf-845e-11ec-9c12-0242ac120003,Process_1cl94bg,helicopter_vA,0.118
Process_1cl94bg:1:77f1cbcf-845e-11ec-9c12-0242ac120003,Process_1cl94bg,helicopter_vA,0.072
Process_1cl94bg:1:77f1cbcf-845e-11ec-9c12-0242ac120003,Process_1cl94bg,helicopter_vA,0.073
Process_1cl94bg:1:77f1cbcf-845e-11ec-9c12-0242ac120003,Process_1cl94bg,helicopter_vA,0.084
Process_1cl94bg:1:77f1cbcf-845e-11ec-9c12-0242ac120003,Process_1cl94bg,helicopter_vA,0.067
Process_1cl94bg:1:77f1cbcf-845e-11ec-9c12-0242ac120003,Process_1cl94bg,helicopter_vA,0.045
Process_1cl94bg:1:77f1cbcf-845e-11ec-9c12-0242ac120003,Process_1cl94bg,helicopter_vA,0.096
Process_1cl94bg:1:77f1cbcf-845e-11ec-9c12-0242ac120003,Process_1cl94bg,helicopter_vA,0.152
Process_1cl94bg:1:77f1cbcf-845e-11ec-9c12-0242ac120003,Process_1cl94bg,helicopter_vA,0.1
Process_1cl94bg:1:77f1cbcf-845e-11ec-9c12-0242ac120003,Process_1cl94bg,helicopter_vA,0.078
Process_1cl94bg:1:77f1cbcf-845e-11ec-9c12-0242ac120003,Process_1cl94bg,helicopter_vA,0.077
Process_1cl94bg:1:77f1cbcf-845e-11ec-9c12-0242ac120003,Process_1cl94bg,helicopter_vA,0.055
Process_1cl94bg:1:77f1cbcf-845e-11ec-9c12-0242ac120003,Process_1cl94bg,helicopter_vA,0.111
Process_1cl94bg:1:77f1cbcf-845e-11ec-9c12-0242ac120003,Process_1cl94bg,helicopter_vA,0.053
Process_1cl94bg:1:77f1cbcf-845e-11ec-9c12-0242ac120003,Process_1cl94bg,helicopter_vA,0.035
Process_1cl94bg:1:77f1cbcf-845e-11ec-9c12-0242ac120003,Process_1cl94bg,helicopter_vA,0.08
Process_1cl94bg:1:77f1cbcf-845e-11ec-9c12-0242ac120003,Process_1cl94bg,helicopter_vA,0.097
Process_1cl94bg:1:77f1cbcf-845e-11ec-9c12-0242ac120003,Process_1cl94bg,helicopter_vA,0.053
Process_1cl94bg:1:77f1cbcf-845e-11ec-9c12-0242ac120003,Process_1cl94bg,helicopter_vA,0.107
Process_1cl94bg:1:77f1cbcf-845e-11ec-9c12-0242ac120003,Process_1cl94bg,helicopter_vA,0.202
Process_1cl94bg:1:77f1cbcf-845e-11ec-9c12-0242ac120003,Process_1cl94bg,helicopter_vA,0.066
Process_1cl94bg:1:77f1cbcf-845e-11ec-9c12-0242ac120003,Process_1cl94bg,helicopter_vA,0.102
Process_1cl94bg:1:77f1cbcf-845e-11ec-9c12-0242ac120003,Process_1cl94bg,helicopter_vA,0.074
Process_1cl94bg:1:77f1cbcf-845e-11ec-9c12-0242ac120003,Process_1cl94bg,helicopter_vA,0.065
Process_1cl94bg:1:77f1cbcf-845e-11ec-9c12-0242ac120003,Process_1cl94bg,helicopter_vA,0.079
Process_1cl94bg:1:77f1cbcf-845e-11ec-9c12-0242ac120003,Process_1cl94bg,helicopter_vA,0.085
Process_1cl94bg:1:77f1cbcf-845e-11ec-9c12-0242ac120003,Process_1cl94bg,helicopter_vA,0.148
Process_1cl94bg:1:77f1cbcf-845e-11ec-9c12-0242ac120003,Process_1cl94bg,helicopter_vA,0.118
Process_1cl94bg:1:77f1cbcf-845e-11ec-9c12-0242ac120003,Process_1cl94bg,helicopter_vA,0.063
Process_1cl94bg:1:77f1cbcf-845e-11ec-9c12-0242ac120003,Process_1cl94bg,helicopter_vA,0.221
Process_1cl94bg:1:77f1cbcf-845e-11ec-9c12-0242ac120003,Process_1cl94bg,helicopter_vA,0.065
Process_1cl94bg:1:77f1cbcf-845e-11ec-9c12-0242ac120003,Process_1cl94bg,helicopter_vA,0.191
Process_1cl94bg:1:77f1cbcf-845e-11ec-9c12-0242ac120003,Process_1cl94bg,helicopter_vA,0.212
Process_1cl94bg:1:77f1cbcf-845e-11ec-9c12-0242ac120003,Process_1cl94bg,helicopter_vA,0.086
Process_1cl94bg:1:77f1cbcf-845e-11ec-9c12-0242ac120003,Process_1cl94bg,helicopter_vA,0.094
Process_1cl94bg:1:77f1cbcf-845e-11ec-9c12-0242ac120003,Process_1cl94bg,helicopter_vA,0.051
Process_1cl94bg:1:77f1cbcf-845e-11ec-9c12-0242ac120003,Process_1cl94bg,helicopter_vA,0.072
Process_1cl94bg:1:77f1cbcf-845e-11ec-9c12-0242ac120003,Process_1cl94bg,helicopter_vA,0.106
Process_1cl94bg:1:77f1cbcf-845e-11ec-9c12-0242ac120003,Process_1cl94bg,helicopter_vA,0.176
Process_1cl94bg:1:77f1cbcf-845e-11ec-9c12-0242ac120003,Process_1cl94bg,helicopter_vA,0.123
Process_1cl94bg:1:77f1cbcf-845e-11ec-9c12-0242ac120003,Process_1cl94bg,helicopter_vA,0.148
Process_1cl94bg:1:77f1cbcf-845e-11ec-9c12-0242ac120003,Process_1cl94bg,helicopter_vA,0.316
Process_1cl94bg:1:77f1cbcf-845e-11ec-9c12-0242ac120003,Process_1cl94bg,helicopter_vA,0.069
Process_1cl94bg:1:77f1cbcf-845e-11ec-9c12-0242ac120003,Process_1cl94bg,helicopter_vA,0.487
Process_1cl94bg:1:77f1cbcf-845e-11ec-9c12-0242ac120003,Process_1cl94bg,helicopter_vA,0.067
Process_1cl94bg:1:77f1cbcf-845e-11ec-9c12-0242ac120003,Process_1cl94bg,helicopter_vA,0.084
Process_1cl94bg:1:77f1cbcf-845e-11ec-9c12-0242ac120003,Process_1cl94bg,helicopter_vA,0.138
Process_1cl94bg:1:77f1cbcf-845e-11ec-9c12-0242ac120003,Process_1cl94bg,helicopter_vA,0.25
Process_1cl94bg:1:77f1cbcf-845e-11ec-9c12-0242ac120003,Process_1cl94bg,helicopter_vA,0.114
Process_1cl94bg:1:77f1cbcf-845e-11ec-9c12-0242ac120003,Process_1cl94bg,helicopter_vA,0.102
Process_1cl94bg:1:77f1cbcf-845e-11ec-9c12-0242ac120003,Process_1cl94bg,helicopter_vA,0.063
Process_1cl94bg:1:77f1cbcf-845e-11ec-9c12-0242ac120003,Process_1cl94bg,helicopter_vA,0.079
Process_1cl94bg:1:77f1cbcf-845e-11ec-9c12-0242ac120003,Process_1cl94bg,helicopter_vA,0.073
Process_1cl94bg:1:77f1cbcf-845e-11ec-9c12-0242ac120003,Process_1cl94bg,helicopter_vA,0.062
Process_1cl94bg:1:77f1cbcf-845e-11ec-9c12-0242ac120003,Process_1cl94bg,helicopter_vA,0.08
Process_1cl94bg:1:77f1cbcf-845e-11ec-9c12-0242ac120003,Process_1cl94bg,helicopter_vA,0.226
Process_1cl94bg:1:77f1cbcf-845e-11ec-9c12-0242ac120003,Process_1cl94bg,helicopter_vA,0.056
Process_1cl94bg:1:77f1cbcf-845e-11ec-9c12-0242ac120003,Process_1cl94bg,helicopter_vA,0.113
Process_1cl94bg:1:77f1cbcf-845e-11ec-9c12-0242ac120003,Process_1cl94bg,helicopter_vA,0.083
Process_1cl94bg:1:77f1cbcf-845e-11ec-9c12-0242ac120003,Process_1cl94bg,helicopter_vA,0.103
Process_1cl94bg:1:77f1cbcf-845e-11ec-9c12-0242ac120003,Process_1cl94bg,helicopter_vA,0.05
Process_1cl94bg:1:77f1cbcf-845e-11ec-9c12-0242ac120003,Process_1cl94bg,helicopter_vA,0.102
Process_1cl94bg:1:77f1cbcf-845e-11ec-9c12-0242ac120003,Process_1cl94bg,helicopter_vA,0.078
Process_1cl94bg:1:77f1cbcf-845e-11ec-9c12-0242ac120003,Process_1cl94bg,helicopter_vA,0.086
Process_1cl94bg:1:77f1cbcf-845e-11ec-9c12-0242ac120003,Process_1cl94bg,helicopter_vA,0.113
Process_1cl94bg:1:77f1cbcf-845e-11ec-9c12-0242ac120003,Process_1cl94bg,helicopter_vA,0.072
Process_1cl94bg:1:77f1cbcf-845e-11ec-9c12-0242ac120003,Process_1cl94bg,helicopter_vA,0.083
Process_1cl94bg:1:77f1cbcf-845e-11ec-9c12-0242ac120003,Process_1cl94bg,helicopter_vA,0.09
Process_1cl94bg:1:77f1cbcf-845e-11ec-9c12-0242ac120003,Process_1cl94bg,helicopter_vA,0.051
Process_1cl94bg:1:77f1cbcf-845e-11ec-9c12-0242ac120003,Process_1cl94bg,helicopter_vA,0.06
Process_1cl94bg:1:77f1cbcf-845e-11ec-9c12-0242ac120003,Process_1cl94bg,helicopter_vA,0.248
Process_1cl94bg:1:77f1cbcf-845e-11ec-9c12-0242ac120003,Process_1cl94bg,helicopter_vA,0.068
Process_1cl94bg:1:77f1cbcf-845e-11ec-9c12-0242ac120003,Process_1cl94bg,helicopter_vA,0.054
Process_1cl94bg:1:77f1cbcf-845e-11ec-9c12-0242ac120003,Process_1cl94bg,helicopter_vA,0.217
Process_1cl94bg:1:77f1cbcf-845e-11ec-9c12-0242ac120003,Process_1cl94bg,helicopter_vA,0.062
Process_1cl94bg:1:77f1cbcf-845e-11ec-9c12-0242ac120003,Process_1cl94bg,helicopter_vA,0.263
Process_1cl94bg:1:77f1cbcf-845e-11ec-9c12-0242ac120003,Process_1cl94bg,helicopter_vA,0.198
Process_1cl94bg:1:77f1cbcf-845e-11ec-9c12-0242ac120003,Process_1cl94bg,helicopter_vA,0.07
Process_1cl94bg:1:77f1cbcf-845e-11ec-9c12-0242ac120003,Process_1cl94bg,helicopter_vA,0.153
Process_1cl94bg:1:77f1cbcf-845e-11ec-9c12-0242ac120003,Process_1cl94bg,helicopter_vA,0.476
Process_1cl94bg:1:77f1cbcf-845e-11ec-9c12-0242ac120003,Process_1cl94bg,helicopter_vA,0.057
Process_1cl94bg:1:77f1cbcf-845e-11ec-9c12-0242ac120003,Process_1cl94bg,helicopter_vA,0.096
Process_1cl94bg:1:77f1cbcf-845e-11ec-9c12-0242ac120003,Process_1cl94bg,helicopter_vA,0.21
Process_1cl94bg:1:77f1cbcf-845e-11ec-9c12-0242ac120003,Process_1cl94bg,helicopter_vA,0.069
Process_1cl94bg:1:77f1cbcf-845e-11ec-9c12-0242ac120003,Process_1cl94bg,helicopter_vA,0.126
Process_1cl94bg:1:77f1cbcf-845e-11ec-9c12-0242ac120003,Process_1cl94bg,helicopter_vA,0.099
Process_1cl94bg:1:77f1cbcf-845e-11ec-9c12-0242ac120003,Process_1cl94bg,helicopter_vA,0.052
Process_1cl94bg:1:77f1cbcf-845e-11ec-9c12-0242ac120003,Process_1cl94bg,helicopter_vA,0.066
Process_1cl94bg:1:77f1cbcf-845e-11ec-9c12-0242ac120003,Process_1cl94bg,helicopter_vA,0.079
Process_1cl94bg:1:77f1cbcf-845e-11ec-9c12-0242ac120003,Process_1cl94bg,helicopter_vA,0.058
Process_1cl94bg:1:77f1cbcf-845e-11ec-9c12-0242ac120003,Process_1cl94bg,helicopter_vA,0.19
Process_1cl94bg:1:77f1cbcf-845e-11ec-9c12-0242ac120003,Process_1cl94bg,helicopter_vA,0.072
Process_1cl94bg:1:77f1cbcf-845e-11ec-9c12-0242ac120003,Process_1cl94bg,helicopter_vA,0.045
Process_1cl94bg:1:77f1cbcf-845e-11ec-9c12-0242ac120003,Process_1cl94bg,helicopter_vA,0.107
Process_1cl94bg:1:77f1cbcf-845e-11ec-9c12-0242ac120003,Process_1cl94bg,helicopter_vA,0.089
Process_1cl94bg:1:77f1cbcf-845e-11ec-9c12-0242ac120003,Process_1cl94bg,helicopter_vA,0.049
Process_1cl94bg:1:77f1cbcf-845e-11ec-9c12-0242ac120003,Process_1cl94bg,helicopter_vA,0.093
Process_1cl94bg:1:77f1cbcf-845e-11ec-9c12-0242ac120003,Process_1cl94bg,helicopter_vA,0.079
Process_1cl94bg:1:77f1cbcf-845e-11ec-9c12-0242ac120003,Process_1cl94bg,helicopter_vA,0.062
Process_1cl94bg:1:77f1cbcf-845e-11ec-9c12-0242ac120003,Process_1cl94bg,helicopter_vA,0.115
Process_1cl94bg:1:77f1cbcf-845e-11ec-9c12-0242ac120003,Process_1cl94bg,helicopter_vA,0.092
Process_1cl94bg:1:77f1cbcf-845e-11ec-9c12-0242ac120003,Process_1cl94bg,helicopter_vA,0.057
Process_1cl94bg:1:77f1cbcf-845e-11ec-9c12-0242ac120003,Process_1cl94bg,helicopter_vA,0.11
Process_1cl94bg:1:77f1cbcf-845e-11ec-9c12-0242ac120003,Process_1cl94bg,helicopter_vA,0.082
Process_1cl94bg:1:77f1cbcf-845e-11ec-9c12-0242ac120003,Process_1cl94bg,helicopter_vA,0.074
Process_1cl94bg:1:77f1cbcf-845e-11ec-9c12-0242ac120003,Process_1cl94bg,helicopter_vA,0.058
Process_1cl94bg:1:77f1cbcf-845e-11ec-9c12-0242ac120003,Process_1cl94bg,helicopter_vA,0.129
Process_1cl94bg:1:77f1cbcf-845e-11ec-9c12-0242ac120003,Process_1cl94bg,helicopter_vA,0.081
Process_1cl94bg:1:77f1cbcf-845e-11ec-9c12-0242ac120003,Process_1cl94bg,helicopter_vA,0.094
Process_1cl94bg:1:77f1cbcf-845e-11ec-9c12-0242ac120003,Process_1cl94bg,helicopter_vA,0.176
Process_1cl94bg:1:77f1cbcf-845e-11ec-9c12-0242ac120003,Process_1cl94bg,helicopter_vA,0.063
Process_1cl94bg:1:77f1cbcf-845e-11ec-9c12-0242ac120003,Process_1cl94bg,helicopter_vA,0.103
Process_1cl94bg:1:77f1cbcf-845e-11ec-9c12-0242ac120003,Process_1cl94bg,helicopter_vA,0.081
Process_1cl94bg:1:77f1cbcf-845e-11ec-9c12-0242ac120003,Process_1cl94bg,helicopter_vA,0.068
Process_1cl94bg:1:77f1cbcf-845e-11ec-9c12-0242ac120003,Process_1cl94bg,helicopter_vA,0.084
Process_1cl94bg:1:77f1cbcf-845e-11ec-9c12-0242ac120003,Process_1cl94bg,helicopter_vA,0.118
Process_1cl94bg:1:77f1cbcf-845e-11ec-9c12-0242ac120003,Process_1cl94bg,helicopter_vA,0.064
Process_1cl94bg:1:77f1cbcf-845e-11ec-9c12-0242ac120003,Process_1cl94bg,helicopter_vA,0.092
Process_1cl94bg:1:77f1cbcf-845e-11ec-9c12-0242ac120003,Process_1cl94bg,helicopter_vA,0.104
Process_1cl94bg:1:77f1cbcf-845e-11ec-9c12-0242ac120003,Process_1cl94bg,helicopter_vA,0.075
Process_1cl94bg:1:77f1cbcf-845e-11ec-9c12-0242ac120003,Process_1cl94bg,helicopter_vA,0.383
Process_1cl94bg:1:77f1cbcf-845e-11ec-9c12-0242ac120003,Process_1cl94bg,helicopter_vA,0.145
Process_1cl94bg:1:77f1cbcf-845e-11ec-9c12-0242ac120003,Process_1cl94bg,helicopter_vA,0.058
Process_1cl94bg:1:77f1cbcf-845e-11ec-9c12-0242ac120003,Process_1cl94bg,helicopter_vA,0.093
Process_1cl94bg:1:77f1cbcf-845e-11ec-9c12-0242ac120003,Process_1cl94bg,helicopter_vA,0.098
Process_1cl94bg:1:77f1cbcf-845e-11ec-9c12-0242ac120003,Process_1cl94bg,helicopter_vA,0.076
Process_1cl94bg:1:77f1cbcf-845e-11ec-9c12-0242ac120003,Process_1cl94bg,helicopter_vA,0.12
Process_1cl94bg:1:77f1cbcf-845e-11ec-9c12-0242ac120003,Process_1cl94bg,helicopter_vA,0.276
Process_1cl94bg:1:77f1cbcf-845e-11ec-9c12-0242ac120003,Process_1cl94bg,helicopter_vA,0.056
Process_1cl94bg:1:77f1cbcf-845e-11ec-9c12-0242ac120003,Process_1cl94bg,helicopter_vA,0.785
Process_1cl94bg:1:77f1cbcf-845e-11ec-9c12-0242ac120003,Process_1cl94bg,helicopter_vA,0.145
Process_1cl94bg:1:77f1cbcf-845e-11ec-9c12-0242ac120003,Process_1cl94bg,helicopter_vA,0.056
Process_1cl94bg:1:77f1cbcf-845e-11ec-9c12-0242ac120003,Process_1cl94bg,helicopter_vA,0.29
Process_1cl94bg:1:77f1cbcf-845e-11ec-9c12-0242ac120003,Process_1cl94bg,helicopter_vA,0.075
Process_1cl94bg:1:77f1cbcf-845e-11ec-9c12-0242ac120003,Process_1cl94bg,helicopter_vA,0.058
Process_1cl94bg:1:77f1cbcf-845e-11ec-9c12-0242ac120003,Process_1cl94bg,helicopter_vA,0.332
Process_1cl94bg:1:77f1cbcf-845e-11ec-9c12-0242ac120003,Process_1cl94bg,helicopter_vA,0.079
Process_1cl94bg:1:77f1cbcf-845e-11ec-9c12-0242ac120003,Process_1cl94bg,helicopter_vA,0.076
Process_1cl94bg:1:77f1cbcf-845e-11ec-9c12-0242ac120003,Process_1cl94bg,helicopter_vA,0.283
Process_1cl94bg:1:77f1cbcf-845e-11ec-9c12-0242ac120003,Process_1cl94bg,helicopter_vA,0.068
Process_1cl94bg:1:77f1cbcf-845e-11ec-9c12-0242ac120003,Process_1cl94bg,helicopter_vA,0.077
Process_1cl94bg:1:77f1cbcf-845e-11ec-9c12-0242ac120003,Process_1cl94bg,helicopter_vA,0.25
Process_1cl94bg:1:77f1cbcf-845e-11ec-9c12-0242ac120003,Process_1cl94bg,helicopter_vA,0.186
Process_1cl94bg:1:77f1cbcf-845e-11ec-9c12-0242ac120003,Process_1cl94bg,helicopter_vA,0.092
Process_1cl94bg:1:77f1cbcf-845e-11ec-9c12-0242ac120003,Process_1cl94bg,helicopter_vA,0.162
Process_1cl94bg:1:77f1cbcf-845e-11ec-9c12-0242ac120003,Process_1cl94bg,helicopter_vA,0.075
Process_1cl94bg:1:77f1cbcf-845e-11ec-9c12-0242ac120003,Process_1cl94bg,helicopter_vA,0.074
Process_1cl94bg:1:77f1cbcf-845e-11ec-9c12-0242ac120003,Process_1cl94bg,helicopter_vA,0.425
Process_1cl94bg:1:77f1cbcf-845e-11ec-9c12-0242ac120003,Process_1cl94bg,helicopter_vA,0.089
Process_1cl94bg:1:77f1cbcf-845e-11ec-9c12-0242ac120003,Process_1cl94bg,helicopter_vA,0.073
Process_1cl94bg:1:77f1cbcf-845e-11ec-9c12-0242ac120003,Process_1cl94bg,helicopter_vA,0.089
Process_1cl94bg:1:77f1cbcf-845e-11ec-9c12-0242ac120003,Process_1cl94bg,helicopter_vA,0.21
Process_1cl94bg:1:77f1cbcf-845e-11ec-9c12-0242ac120003,Process_1cl94bg,helicopter_vA,0.044
Process_1cl94bg:1:77f1cbcf-845e-11ec-9c12-0242ac120003,Process_1cl94bg,helicopter_vA,0.118
Process_1cl94bg:1:77f1cbcf-845e-11ec-9c12-0242ac120003,Process_1cl94bg,helicopter_vA,0.097
Process_1cl94bg:1:77f1cbcf-845e-11ec-9c12-0242ac120003,Process_1cl94bg,helicopter_vA,0.056
Process_1cl94bg:1:77f1cbcf-845e-11ec-9c12-0242ac120003,Process_1cl94bg,helicopter_vA,0.126
Process_1cl94bg:1:77f1cbcf-845e-11ec-9c12-0242ac120003,Process_1cl94bg,helicopter_vA,0.123
Process_1cl94bg:1:77f1cbcf-845e-11ec-9c12-0242ac120003,Process_1cl94bg,helicopter_vA,0.056
Process_1cl94bg:1:77f1cbcf-845e-11ec-9c12-0242ac120003,Process_1cl94bg,helicopter_vA,0.078
Process_1cl94bg:1:77f1cbcf-845e-11ec-9c12-0242ac120003,Process_1cl94bg,helicopter_vA,0.101
Process_1cl94bg:1:77f1cbcf-845e-11ec-9c12-0242ac120003,Process_1cl94bg,helicopter_vA,0.058
Process_1cl94bg:1:77f1cbcf-845e-11ec-9c12-0242ac120003,Process_1cl94bg,helicopter_vA,0.178
Process_1cl94bg:1:77f1cbcf-845e-11ec-9c12-0242ac120003,Process_1cl94bg,helicopter_vA,0.159
Process_1cl94bg:1:77f1cbcf-845e-11ec-9c12-0242ac120003,Process_1cl94bg,helicopter_vA,0.059
Process_1cl94bg:1:77f1cbcf-845e-11ec-9c12-0242ac120003,Process_1cl94bg,helicopter_vA,0.101
Process_1cl94bg:1:77f1cbcf-845e-11ec-9c12-0242ac120003,Process_1cl94bg,helicopter_vA,0.082
Process_1cl94bg:1:77f1cbcf-845e-11ec-9c12-0242ac120003,Process_1cl94bg,helicopter_vA,0.053
Process_1cl94bg:1:77f1cbcf-845e-11ec-9c12-0242ac120003,Process_1cl94bg,helicopter_vA,0.163
Process_1cl94bg:1:77f1cbcf-845e-11ec-9c12-0242ac120003,Process_1cl94bg,helicopter_vA,0.159
Process_1cl94bg:1:77f1cbcf-845e-11ec-9c12-0242ac120003,Process_1cl94bg,helicopter_vA,0.069
Process_1cl94bg:1:77f1cbcf-845e-11ec-9c12-0242ac120003,Process_1cl94bg,helicopter_vA,0.102
Process_1cl94bg:1:77f1cbcf-845e-11ec-9c12-0242ac120003,Process_1cl94bg,helicopter_vA,0.096
Process_1cl94bg:1:77f1cbcf-845e-11ec-9c12-0242ac120003,Process_1cl94bg,helicopter_vA,0.021
Process_1cl94bg:1:77f1cbcf-845e-11ec-9c12-0242ac120003,Process_1cl94bg,helicopter_vA,0.123
Process_1cl94bg:1:77f1cbcf-845e-11ec-9c12-0242ac120003,Process_1cl94bg,helicopter_vA,0.135
Process_1cl94bg:1:77f1cbcf-845e-11ec-9c12-0242ac120003,Process_1cl94bg,helicopter_vA,0.042
Process_1cl94bg:1:77f1cbcf-845e-11ec-9c12-0242ac120003,Process_1cl94bg,helicopter_vA,0.027
Process_1cl94bg:1:77f1cbcf-845e-11ec-9c12-0242ac120003,Process_1cl94bg,helicopter_vA,0.098
Process_1cl94bg:1:77f1cbcf-845e-11ec-9c12-0242ac120003,Process_1cl94bg,helicopter_vA,0.073
Process_1cl94bg:1:77f1cbcf-845e-11ec-9c12-0242ac120003,Process_1cl94bg,helicopter_vA,0.082
Process_1cl94bg:1:77f1cbcf-845e-11ec-9c12-0242ac120003,Process_1cl94bg,helicopter_vA,0.1
Process_1cl94bg:1:77f1cbcf-845e-11ec-9c12-0242ac120003,Process_1cl94bg,helicopter_vA,0.09
Process_1cl94bg:1:77f1cbcf-845e-11ec-9c12-0242ac120003,Process_1cl94bg,helicopter_vA,0.111
Process_1cl94bg:1:77f1cbcf-845e-11ec-9c12-0242ac120003,Process_1cl94bg,helicopter_vA,0.115
Process_1cl94bg:1:77f1cbcf-845e-11ec-9c12-0242ac120003,Process_1cl94bg,helicopter_vA,0.107
Process_1cl94bg:1:77f1cbcf-845e-11ec-9c12-0242ac120003,Process_1cl94bg,helicopter_vA,0.11
Process_1cl94bg:1:77f1cbcf-845e-11ec-9c12-0242ac120003,Process_1cl94bg,helicopter_vA,0.128
Process_1cl94bg:1:77f1cbcf-845e-11ec-9c12-0242ac120003,Process_1cl94bg,helicopter_vA,0.106
Process_1cl94bg:1:77f1cbcf-845e-11ec-9c12-0242ac120003,Process_1cl94bg,helicopter_vA,0.121
Process_1cl94bg:1:77f1cbcf-845e-11ec-9c12-0242ac120003,Process_1cl94bg,helicopter_vA,0.088
Process_1cl94bg:1:77f1cbcf-845e-11ec-9c12-0242ac120003,Process_1cl94bg,helicopter_vA,0.071
Process_1cl94bg:1:77f1cbcf-845e-11ec-9c12-0242ac120003,Process_1cl94bg,helicopter_vA,0.12
Process_1cl94bg:1:77f1cbcf-845e-11ec-9c12-0242ac120003,Process_1cl94bg,helicopter_vA,0.123
Process_1cl94bg:1:77f1cbcf-845e-11ec-9c12-0242ac120003,Process_1cl94bg,helicopter_vA,0.182
Process_1cl94bg:1:77f1cbcf-845e-11ec-9c12-0242ac120003,Process_1cl94bg,helicopter_vA,0.101
Process_1cl94bg:1:77f1cbcf-845e-11ec-9c12-0242ac120003,Process_1cl94bg,helicopter_vA,0.123
Process_1cl94bg:1:77f1cbcf-845e-11ec-9c12-0242ac120003,Process_1cl94bg,helicopter_vA,0.062
Process_1cl94bg:1:77f1cbcf-845e-11ec-9c12-0242ac120003,Process_1cl94bg,helicopter_vA,0.163
Process_1cl94bg:1:77f1cbcf-845e-11ec-9c12-0242ac120003,Process_1cl94bg,helicopter_vA,0.082
Process_1cl94bg:1:77f1cbcf-845e-11ec-9c12-0242ac120003,Process_1cl94bg,helicopter_vA,0.102
Process_1cl94bg:1:77f1cbcf-845e-11ec-9c12-0242ac120003,Process_1cl94bg,helicopter_vA,0.089
Process_1cl94bg:1:77f1cbcf-845e-11ec-9c12-0242ac120003,Process_1cl94bg,helicopter_vA,0.101
Process_1cl94bg:1:77f1cbcf-845e-11ec-9c12-0242ac120003,Process_1cl94bg,helicopter_vA,0.073
Process_1cl94bg:1:77f1cbcf-845e-11ec-9c12-0242ac120003,Process_1cl94bg,helicopter_vA,0.08
Process_1cl94bg:1:77f1cbcf-845e-11ec-9c12-0242ac120003,Process_1cl94bg,helicopter_vA,0.061
Process_1cl94bg:1:77f1cbcf-845e-11ec-9c12-0242ac120003,Process_1cl94bg,helicopter_vA,0.317
Process_1cl94bg:1:77f1cbcf-845e-11ec-9c12-0242ac120003,Process_1cl94bg,helicopter_vA,0.108
Process_1cl94bg:1:77f1cbcf-845e-11ec-9c12-0242ac120003,Process_1cl94bg,helicopter_vA,0.106
Process_1cl94bg:1:77f1cbcf-845e-11ec-9c12-0242ac120003,Process_1cl94bg,helicopter_vA,0.115
Process_1cl94bg:1:77f1cbcf-845e-11ec-9c12-0242ac120003,Process_1cl94bg,helicopter_vA,0.063
Process_1cl94bg:1:77f1cbcf-845e-11ec-9c12-0242ac120003,Process_1cl94bg,helicopter_vA,0.1
Process_1cl94bg:1:77f1cbcf-845e-11ec-9c12-0242ac120003,Process_1cl94bg,helicopter_vA,0.085
Process_1cl94bg:1:77f1cbcf-845e-11ec-9c12-0242ac120003,Process_1cl94bg,helicopter_vA,0.18
Process_1cl94bg:1:77f1cbcf-845e-11ec-9c12-0242ac120003,Process_1cl94bg,helicopter_vA,0.089
Process_1cl94bg:1:77f1cbcf-845e-11ec-9c12-0242ac120003,Process_1cl94bg,helicopter_vA,0.083
Process_1cl94bg:1:77f1cbcf-845e-11ec-9c12-0242ac120003,Process_1cl94bg,helicopter_vA,0.122
Process_1cl94bg:1:77f1cbcf-845e-11ec-9c12-0242ac120003,Process_1cl94bg,helicopter_vA,0.084
Process_1cl94bg:1:77f1cbcf-845e-11ec-9c12-0242ac120003,Process_1cl94bg,helicopter_vA,0.117
Process_1cl94bg:1:77f1cbcf-845e-11ec-9c12-0242ac120003,Process_1cl94bg,helicopter_vA,0.202
Process_1cl94bg:1:77f1cbcf-845e-11ec-9c12-0242ac120003,Process_1cl94bg,helicopter_vA,0.199
Process_1cl94bg:1:77f1cbcf-845e-11ec-9c12-0242ac120003,Process_1cl94bg,helicopter_vA,0.079
Process_1cl94bg:1:77f1cbcf-845e-11ec-9c12-0242ac120003,Process_1cl94bg,helicopter_vA,0.079
Process_1cl94bg:1:77f1cbcf-845e-11ec-9c12-0242ac120003,Process_1cl94bg,helicopter_vA,0.123
Process_1cl94bg:1:77f1cbcf-845e-11ec-9c12-0242ac120003,Process_1cl94bg,helicopter_vA,0.057
Process_1cl94bg:1:77f1cbcf-845e-11ec-9c12-0242ac120003,Process_1cl94bg,helicopter_vA,0.151
Process_1cl94bg:1:77f1cbcf-845e-11ec-9c12-0242ac120003,Process_1cl94bg,helicopter_vA,0.137
Process_1cl94bg:1:77f1cbcf-845e-11ec-9c12-0242ac120003,Process_1cl94bg,helicopter_vA,0.043
Process_1cl94bg:1:77f1cbcf-845e-11ec-9c12-0242ac120003,Process_1cl94bg,helicopter_vA,0.053
Process_1cl94bg:1:77f1cbcf-845e-11ec-9c12-0242ac120003,Process_1cl94bg,helicopter_vA,0.158
Process_1cl94bg:1:77f1cbcf-845e-11ec-9c12-0242ac120003,Process_1cl94bg,helicopter_vA,0.053
Process_1cl94bg:1:77f1cbcf-845e-11ec-9c12-0242ac120003,Process_1cl94bg,helicopter_vA,0.202
Process_1cl94bg:1:77f1cbcf-845e-11ec-9c12-0242ac120003,Process_1cl94bg,helicopter_vA,0.102
Process_1cl94bg:1:77f1cbcf-845e-11ec-9c12-0242ac120003,Process_1cl94bg,helicopter_vA,0.057
Process_1cl94bg:1:77f1cbcf-845e-11ec-9c12-0242ac120003,Process_1cl94bg,helicopter_vA,0.089
Process_1cl94bg:1:77f1cbcf-845e-11ec-9c12-0242ac120003,Process_1cl94bg,helicopter_vA,0.101
Process_1cl94bg:1:77f1cbcf-845e-11ec-9c12-0242ac120003,Process_1cl94bg,helicopter_vA,0.048
Process_1cl94bg:1:77f1cbcf-845e-11ec-9c12-0242ac120003,Process_1cl94bg,helicopter_vA,0.072
Process_1cl94bg:1:77f1cbcf-845e-11ec-9c12-0242ac120003,Process_1cl94bg,helicopter_vA,0.086
Process_1cl94bg:1:77f1cbcf-845e-11ec-9c12-0242ac120003,Process_1cl94bg,helicopter_vA,0.071
Process_1cl94bg:1:77f1cbcf-845e-11ec-9c12-0242ac120003,Process_1cl94bg,helicopter_vA,0.095
Process_1cl94bg:1:77f1cbcf-845e-11ec-9c12-0242ac120003,Process_1cl94bg,helicopter_vA,0.618
Process_1cl94bg:1:77f1cbcf-845e-11ec-9c12-0242ac120003,Process_1cl94bg,helicopter_vA,0.065
Process_1cl94bg:1:77f1cbcf-845e-11ec-9c12-0242ac120003,Process_1cl94bg,helicopter_vA,0.104
Process_1cl94bg:1:77f1cbcf-845e-11ec-9c12-0242ac120003,Process_1cl94bg,helicopter_vA,0.225
Process_1cl94bg:1:77f1cbcf-845e-11ec-9c12-0242ac120003,Process_1cl94bg,helicopter_vA,0.065
Process_1cl94bg:1:77f1cbcf-845e-11ec-9c12-0242ac120003,Process_1cl94bg,helicopter_vA,0.158
Process_1cl94bg:1:77f1cbcf-845e-11ec-9c12-0242ac120003,Process_1cl94bg,helicopter_vA,0.26
Process_1cl94bg:1:77f1cbcf-845e-11ec-9c12-0242ac120003,Process_1cl94bg,helicopter_vA,0.061
Process_1cl94bg:1:77f1cbcf-845e-11ec-9c12-0242ac120003,Process_1cl94bg,helicopter_vA,0.085
Process_1cl94bg:1:77f1cbcf-845e-11ec-9c12-0242ac120003,Process_1cl94bg,helicopter_vA,0.149
Process_1cl94bg:1:77f1cbcf-845e-11ec-9c12-0242ac120003,Process_1cl94bg,helicopter_vA,0.054
Process_1cl94bg:1:77f1cbcf-845e-11ec-9c12-0242ac120003,Process_1cl94bg,helicopter_vA,0.217
Process_1cl94bg:1:77f1cbcf-845e-11ec-9c12-0242ac120003,Process_1cl94bg,helicopter_vA,0.103
Process_1cl94bg:1:77f1cbcf-845e-11ec-9c12-0242ac120003,Process_1cl94bg,helicopter_vA,0.057
Process_1cl94bg:1:77f1cbcf-845e-11ec-9c12-0242ac120003,Process_1cl94bg,helicopter_vA,0.154
Process_1cl94bg:1:77f1cbcf-845e-11ec-9c12-0242ac120003,Process_1cl94bg,helicopter_vA,0.186
Process_1cl94bg:1:77f1cbcf-845e-11ec-9c12-0242ac120003,Process_1cl94bg,helicopter_vA,0.048
Process_1cl94bg:1:77f1cbcf-845e-11ec-9c12-0242ac120003,Process_1cl94bg,helicopter_vA,0.186
Process_1cl94bg:1:77f1cbcf-845e-11ec-9c12-0242ac120003,Process_1cl94bg,helicopter_vA,0.074
Process_1cl94bg:1:77f1cbcf-845e-11ec-9c12-0242ac120003,Process_1cl94bg,helicopter_vA,0.052
Process_1cl94bg:1:77f1cbcf-845e-11ec-9c12-0242ac120003,Process_1cl94bg,helicopter_vA,0.145
Process_1cl94bg:1:77f1cbcf-845e-11ec-9c12-0242ac120003,Process_1cl94bg,helicopter_vA,0.141
Process_1cl94bg:1:77f1cbcf-845e-11ec-9c12-0242ac120003,Process_1cl94bg,helicopter_vA,0.068
Process_1cl94bg:1:77f1cbcf-845e-11ec-9c12-0242ac120003,Process_1cl94bg,helicopter_vA,0.08
Process_1cl94bg:1:77f1cbcf-845e-11ec-9c12-0242ac120003,Process_1cl94bg,helicopter_vA,0.059
Process_1cl94bg:1:77f1cbcf-845e-11ec-9c12-0242ac120003,Process_1cl94bg,helicopter_vA,0.585
Process_1cl94bg:1:77f1cbcf-845e-11ec-9c12-0242ac120003,Process_1cl94bg,helicopter_vA,0.105
Process_1cl94bg:1:77f1cbcf-845e-11ec-9c12-0242ac120003,Process_1cl94bg,helicopter_vA,0.058
Process_1cl94bg:1:77f1cbcf-845e-11ec-9c12-0242ac120003,Process_1cl94bg,helicopter_vA,0.256
Process_1cl94bg:1:77f1cbcf-845e-11ec-9c12-0242ac120003,Process_1cl94bg,helicopter_vA,0.098
Process_1cl94bg:1:77f1cbcf-845e-11ec-9c12-0242ac120003,Process_1cl94bg,helicopter_vA,0.055
Process_1cl94bg:1:77f1cbcf-845e-11ec-9c12-0242ac120003,Process_1cl94bg,helicopter_vA,0.181
Process_1cl94bg:1:77f1cbcf-845e-11ec-9c12-0242ac120003,Process_1cl94bg,helicopter_vA,0.127
Process_1cl94bg:1:77f1cbcf-845e-11ec-9c12-0242ac120003,Process_1cl94bg,helicopter_vA,0.033
Process_1cl94bg:1:77f1cbcf-845e-11ec-9c12-0242ac120003,Process_1cl94bg,helicopter_vA,0.148
Process_1cl94bg:1:77f1cbcf-845e-11ec-9c12-0242ac120003,Process_1cl94bg,helicopter_vA,0.674
Process_1cl94bg:1:77f1cbcf-845e-11ec-9c12-0242ac120003,Process_1cl94bg,helicopter_vA,0.07
Process_1cl94bg:1:77f1cbcf-845e-11ec-9c12-0242ac120003,Process_1cl94bg,helicopter_vA,0.029
Process_1cl94bg:1:77f1cbcf-845e-11ec-9c12-0242ac120003,Process_1cl94bg,helicopter_vA,1.41
Process_1cl94bg:1:77f1cbcf-845e-11ec-9c12-0242ac120003,Process_1cl94bg,helicopter_vA,0.064
Process_1cl94bg:1:77f1cbcf-845e-11ec-9c12-0242ac120003,Process_1cl94bg,helicopter_vA,0.084
Process_1cl94bg:1:77f1cbcf-845e-11ec-9c12-0242ac120003,Process_1cl94bg,helicopter_vA,0.073
Process_1cl94bg:1:77f1cbcf-845e-11ec-9c12-0242ac120003,Process_1cl94bg,helicopter_vA,0.109
Process_1cl94bg:1:77f1cbcf-845e-11ec-9c12-0242ac120003,Process_1cl94bg,helicopter_vA,0.445
Process_1cl94bg:1:77f1cbcf-845e-11ec-9c12-0242ac120003,Process_1cl94bg,helicopter_vA,0.142
Process_1cl94bg:1:77f1cbcf-845e-11ec-9c12-0242ac120003,Process_1cl94bg,helicopter_vA,0.089
Process_1cl94bg:1:77f1cbcf-845e-11ec-9c12-0242ac120003,Process_1cl94bg,helicopter_vA,0.3
Process_1cl94bg:1:77f1cbcf-845e-11ec-9c12-0242ac120003,Process_1cl94bg,helicopter_vA,0.071
Process_1cl94bg:1:77f1cbcf-845e-11ec-9c12-0242ac120003,Process_1cl94bg,helicopter_vA,0.097
Process_1cl94bg:1:77f1cbcf-845e-11ec-9c12-0242ac120003,Process_1cl94bg,helicopter_vA,0.225
Process_1cl94bg:1:77f1cbcf-845e-11ec-9c12-0242ac120003,Process_1cl94bg,helicopter_vA,0.068
Process_1cl94bg:1:77f1cbcf-845e-11ec-9c12-0242ac120003,Process_1cl94bg,helicopter_vA,0.206
Process_1cl94bg:1:77f1cbcf-845e-11ec-9c12-0242ac120003,Process_1cl94bg,helicopter_vA,0.298
Process_1cl94bg:1:77f1cbcf-845e-11ec-9c12-0242ac120003,Process_1cl94bg,helicopter_vA,0.075
Process_1cl94bg:1:77f1cbcf-845e-11ec-9c12-0242ac120003,Process_1cl94bg,helicopter_vA,0.21
Process_1cl94bg:1:77f1cbcf-845e-11ec-9c12-0242ac120003,Process_1cl94bg,helicopter_vA,0.434
Process_1cl94bg:1:77f1cbcf-845e-11ec-9c12-0242ac120003,Process_1cl94bg,helicopter_vA,0.118
Process_1cl94bg:1:77f1cbcf-845e-11ec-9c12-0242ac120003,Process_1cl94bg,helicopter_vA,0.345
Process_1cl94bg:1:77f1cbcf-845e-11ec-9c12-0242ac120003,Process_1cl94bg,helicopter_vA,0.383
Process_1cl94bg:1:77f1cbcf-845e-11ec-9c12-0242ac120003,Process_1cl94bg,helicopter_vA,0.06
Process_1cl94bg:1:77f1cbcf-845e-11ec-9c12-0242ac120003,Process_1cl94bg,helicopter_vA,0.312
Process_1cl94bg:1:77f1cbcf-845e-11ec-9c12-0242ac120003,Process_1cl94bg,helicopter_vA,0.444
Process_1cl94bg:1:77f1cbcf-845e-11ec-9c12-0242ac120003,Process_1cl94bg,helicopter_vA,0.061
Process_1cl94bg:1:77f1cbcf-845e-11ec-9c12-0242ac120003,Process_1cl94bg,helicopter_vA,0.077
Process_1cl94bg:1:77f1cbcf-845e-11ec-9c12-0242ac120003,Process_1cl94bg,helicopter_vA,0.183
Process_1cl94bg:1:77f1cbcf-845e-11ec-9c12-0242ac120003,Process_1cl94bg,helicopter_vA,0.085
Process_1cl94bg:1:77f1cbcf-845e-11ec-9c12-0242ac120003,Process_1cl94bg,helicopter_vA,1.076
Process_1cl94bg:1:77f1cbcf-845e-11ec-9c12-0242ac120003,Process_1cl94bg,helicopter_vA,0.448
Process_1cl94bg:1:77f1cbcf-845e-11ec-9c12-0242ac120003,Process_1cl94bg,helicopter_vA,0.085
Process_1cl94bg:1:77f1cbcf-845e-11ec-9c12-0242ac120003,Process_1cl94bg,helicopter_vA,0.259
Process_1cl94bg:1:77f1cbcf-845e-11ec-9c12-0242ac120003,Process_1cl94bg,helicopter_vA,0.459
Process_1cl94bg:1:77f1cbcf-845e-11ec-9c12-0242ac120003,Process_1cl94bg,helicopter_vA,0.092
Process_1cl94bg:1:77f1cbcf-845e-11ec-9c12-0242ac120003,Process_1cl94bg,helicopter_vA,0.1
Process_1cl94bg:1:77f1cbcf-845e-11ec-9c12-0242ac120003,Process_1cl94bg,helicopter_vA,0.767
Process_1cl94bg:1:77f1cbcf-845e-11ec-9c12-0242ac120003,Process_1cl94bg,helicopter_vA,0.082
Process_1cl94bg:1:77f1cbcf-845e-11ec-9c12-0242ac120003,Process_1cl94bg,helicopter_vA,0.118
Process_1cl94bg:1:77f1cbcf-845e-11ec-9c12-0242ac120003,Process_1cl94bg,helicopter_vA,1.24
Process_1cl94bg:1:77f1cbcf-845e-11ec-9c12-0242ac120003,Process_1cl94bg,helicopter_vA,0.085
Process_1cl94bg:1:77f1cbcf-845e-11ec-9c12-0242ac120003,Process_1cl94bg,helicopter_vA,0.243
Process_1cl94bg:1:77f1cbcf-845e-11ec-9c12-0242ac120003,Process_1cl94bg,helicopter_vA,2.853
Process_1cl94bg:1:77f1cbcf-845e-11ec-9c12-0242ac120003,Process_1cl94bg,helicopter_vA,0.077
Process_1cl94bg:1:77f1cbcf-845e-11ec-9c12-0242ac120003,Process_1cl94bg,helicopter_vA,0.155
Process_1cl94bg:1:77f1cbcf-845e-11ec-9c12-0242ac120003,Process_1cl94bg,helicopter_vA,0.084
Process_1cl94bg:1:77f1cbcf-845e-11ec-9c12-0242ac120003,Process_1cl94bg,helicopter_vA,0.117
Process_1cl94bg:1:77f1cbcf-845e-11ec-9c12-0242ac120003,Process_1cl94bg,helicopter_vA,2.226
Process_1cl94bg:1:77f1cbcf-845e-11ec-9c12-0242ac120003,Process_1cl94bg,helicopter_vA,0.077
Process_1cl94bg:1:77f1cbcf-845e-11ec-9c12-0242ac120003,Process_1cl94bg,helicopter_vA,0.131
Process_1cl94bg:1:77f1cbcf-845e-11ec-9c12-0242ac120003,Process_1cl94bg,helicopter_vA,0.055
Process_1cl94bg:1:77f1cbcf-845e-11ec-9c12-0242ac120003,Process_1cl94bg,helicopter_vA,0.122
Process_1cl94bg:1:77f1cbcf-845e-11ec-9c12-0242ac120003,Process_1cl94bg,helicopter_vA,1.412
Process_1cl94bg:1:77f1cbcf-845e-11ec-9c12-0242ac120003,Process_1cl94bg,helicopter_vA,0.025
Process_1cl94bg:1:77f1cbcf-845e-11ec-9c12-0242ac120003,Process_1cl94bg,helicopter_vA,0.096
Process_1cl94bg:1:77f1cbcf-845e-11ec-9c12-0242ac120003,Process_1cl94bg,helicopter_vA,0.185
Process_1cl94bg:1:77f1cbcf-845e-11ec-9c12-0242ac120003,Process_1cl94bg,helicopter_vA,0.918
Process_1cl94bg:1:77f1cbcf-845e-11ec-9c12-0242ac120003,Process_1cl94bg,helicopter_vA,0.125
Process_1cl94bg:1:77f1cbcf-845e-11ec-9c12-0242ac120003,Process_1cl94bg,helicopter_vA,0.101
Process_1cl94bg:1:77f1cbcf-845e-11ec-9c12-0242ac120003,Process_1cl94bg,helicopter_vA,0.202
Process_1cl94bg:1:77f1cbcf-845e-11ec-9c12-0242ac120003,Process_1cl94bg,helicopter_vA,0.245
Process_1cl94bg:1:77f1cbcf-845e-11ec-9c12-0242ac120003,Process_1cl94bg,helicopter_vA,0.084
Process_1cl94bg:1:77f1cbcf-845e-11ec-9c12-0242ac120003,Process_1cl94bg,helicopter_vA,0.107
Process_1cl94bg:1:77f1cbcf-845e-11ec-9c12-0242ac120003,Process_1cl94bg,helicopter_vA,0.927
Process_1cl94bg:1:77f1cbcf-845e-11ec-9c12-0242ac120003,Process_1cl94bg,helicopter_vA,0.083
Process_1cl94bg:1:77f1cbcf-845e-11ec-9c12-0242ac120003,Process_1cl94bg,helicopter_vA,0.093
Process_1cl94bg:1:77f1cbcf-845e-11ec-9c12-0242ac120003,Process_1cl94bg,helicopter_vA,0.212
Process_1cl94bg:1:77f1cbcf-845e-11ec-9c12-0242ac120003,Process_1cl94bg,helicopter_vA,0.201
Process_1cl94bg:1:77f1cbcf-845e-11ec-9c12-0242ac120003,Process_1cl94bg,helicopter_vA,0.124
Process_1cl94bg:1:77f1cbcf-845e-11ec-9c12-0242ac120003,Process_1cl94bg,helicopter_vA,0.242
Process_1cl94bg:1:77f1cbcf-845e-11ec-9c12-0242ac120003,Process_1cl94bg,helicopter_vA,0.079
Process_1cl94bg:1:77f1cbcf-845e-11ec-9c12-0242ac120003,Process_1cl94bg,helicopter_vA,0.072
Process_1cl94bg:1:77f1cbcf-845e-11ec-9c12-0242ac120003,Process_1cl94bg,helicopter_vA,0.741
Process_1cl94bg:1:77f1cbcf-845e-11ec-9c12-0242ac120003,Process_1cl94bg,helicopter_vA,0.071
Process_1cl94bg:1:77f1cbcf-845e-11ec-9c12-0242ac120003,Process_1cl94bg,helicopter_vA,0.229
Process_1cl94bg:1:77f1cbcf-845e-11ec-9c12-0242ac120003,Process_1cl94bg,helicopter_vA,0.276
Process_1cl94bg:1:77f1cbcf-845e-11ec-9c12-0242ac120003,Process_1cl94bg,helicopter_vA,0.102
Process_1cl94bg:1:77f1cbcf-845e-11ec-9c12-0242ac120003,Process_1cl94bg,helicopter_vA,0.066
Process_1cl94bg:1:77f1cbcf-845e-11ec-9c12-0242ac120003,Process_1cl94bg,helicopter_vA,1.422
Process_1cl94bg:1:77f1cbcf-845e-11ec-9c12-0242ac120003,Process_1cl94bg,helicopter_vA,0.085
Process_1cl94bg:1:77f1cbcf-845e-11ec-9c12-0242ac120003,Process_1cl94bg,helicopter_vA,0.102
Process_1cl94bg:1:77f1cbcf-845e-11ec-9c12-0242ac120003,Process_1cl94bg,helicopter_vA,1.23
Process_1cl94bg:1:77f1cbcf-845e-11ec-9c12-0242ac120003,Process_1cl94bg,helicopter_vA,0.087
Process_1cl94bg:1:77f1cbcf-845e-11ec-9c12-0242ac120003,Process_1cl94bg,helicopter_vA,0.058
Process_1cl94bg:1:77f1cbcf-845e-11ec-9c12-0242ac120003,Process_1cl94bg,helicopter_vA,0.638
Process_1cl94bg:1:77f1cbcf-845e-11ec-9c12-0242ac120003,Process_1cl94bg,helicopter_vA,0.061
Process_1cl94bg:1:77f1cbcf-845e-11ec-9c12-0242ac120003,Process_1cl94bg,helicopter_vA,0.089
Process_1cl94bg:1:77f1cbcf-845e-11ec-9c12-0242ac120003,Process_1cl94bg,helicopter_vA,0.591
Process_1cl94bg:1:77f1cbcf-845e-11ec-9c12-0242ac120003,Process_1cl94bg,helicopter_vA,0.11
Process_1cl94bg:1:77f1cbcf-845e-11ec-9c12-0242ac120003,Process_1cl94bg,helicopter_vA,0.113
Process_1cl94bg:1:77f1cbcf-845e-11ec-9c12-0242ac120003,Process_1cl94bg,helicopter_vA,0.563
Process_1cl94bg:1:77f1cbcf-845e-11ec-9c12-0242ac120003,Process_1cl94bg,helicopter_vA,0.114
Process_1cl94bg:1:77f1cbcf-845e-11ec-9c12-0242ac120003,Process_1cl94bg,helicopter_vA,0.087
Process_1cl94bg:1:77f1cbcf-845e-11ec-9c12-0242ac120003,Process_1cl94bg,helicopter_vA,0.606
Process_1cl94bg:1:77f1cbcf-845e-11ec-9c12-0242ac120003,Process_1cl94bg,helicopter_vA,0.114
Process_1cl94bg:1:77f1cbcf-845e-11ec-9c12-0242ac120003,Process_1cl94bg,helicopter_vA,0.091
Process_1cl94bg:1:77f1cbcf-845e-11ec-9c12-0242ac120003,Process_1cl94bg,helicopter_vA,0.519
Process_1cl94bg:1:77f1cbcf-845e-11ec-9c12-0242ac120003,Process_1cl94bg,helicopter_vA,0.113
Process_1cl94bg:1:77f1cbcf-845e-11ec-9c12-0242ac120003,Process_1cl94bg,helicopter_vA,0.158
Process_1cl94bg:1:77f1cbcf-845e-11ec-9c12-0242ac120003,Process_1cl94bg,helicopter_vA,0.066
Process_1cl94bg:1:77f1cbcf-845e-11ec-9c12-0242ac120003,Process_1cl94bg,helicopter_vA,0.898
Process_1cl94bg:1:77f1cbcf-845e-11ec-9c12-0242ac120003,Process_1cl94bg,helicopter_vA,0.175
Process_1cl94bg:1:77f1cbcf-845e-11ec-9c12-0242ac120003,Process_1cl94bg,helicopter_vA,0.075
Process_1cl94bg:1:77f1cbcf-845e-11ec-9c12-0242ac120003,Process_1cl94bg,helicopter_vA,0.681
Process_1cl94bg:1:77f1cbcf-845e-11ec-9c12-0242ac120003,Process_1cl94bg,helicopter_vA,0.097
Process_1cl94bg:1:77f1cbcf-845e-11ec-9c12-0242ac120003,Process_1cl94bg,helicopter_vA,0.083
Process_1cl94bg:1:77f1cbcf-845e-11ec-9c12-0242ac120003,Process_1cl94bg,helicopter_vA,1.227
Process_1cl94bg:1:77f1cbcf-845e-11ec-9c12-0242ac120003,Process_1cl94bg,helicopter_vA,0.171
Process_1cl94bg:1:77f1cbcf-845e-11ec-9c12-0242ac120003,Process_1cl94bg,helicopter_vA,0.084
Process_1cl94bg:1:77f1cbcf-845e-11ec-9c12-0242ac120003,Process_1cl94bg,helicopter_vA,0.078
Process_1cl94bg:1:77f1cbcf-845e-11ec-9c12-0242ac120003,Process_1cl94bg,helicopter_vA,0.922
Process_1cl94bg:1:77f1cbcf-845e-11ec-9c12-0242ac120003,Process_1cl94bg,helicopter_vA,0.061
Process_1cl94bg:1:77f1cbcf-845e-11ec-9c12-0242ac120003,Process_1cl94bg,helicopter_vA,0.066
Process_1cl94bg:1:77f1cbcf-845e-11ec-9c12-0242ac120003,Process_1cl94bg,helicopter_vA,0.073
Process_1cl94bg:1:77f1cbcf-845e-11ec-9c12-0242ac120003,Process_1cl94bg,helicopter_vA,0.458
Process_1cl94bg:1:77f1cbcf-845e-11ec-9c12-0242ac120003,Process_1cl94bg,helicopter_vA,0.117
Process_1cl94bg:1:77f1cbcf-845e-11ec-9c12-0242ac120003,Process_1cl94bg,helicopter_vA,0.078
Process_1cl94bg:1:77f1cbcf-845e-11ec-9c12-0242ac120003,Process_1cl94bg,helicopter_vA,0.531
Process_1cl94bg:1:77f1cbcf-845e-11ec-9c12-0242ac120003,Process_1cl94bg,helicopter_vA,0.042
Process_1cl94bg:1:77f1cbcf-845e-11ec-9c12-0242ac120003,Process_1cl94bg,helicopter_vA,0.07
Process_1cl94bg:1:77f1cbcf-845e-11ec-9c12-0242ac120003,Process_1cl94bg,helicopter_vA,0.066
Process_1cl94bg:1:77f1cbcf-845e-11ec-9c12-0242ac120003,Process_1cl94bg,helicopter_vA,0.112
Process_1cl94bg:1:77f1cbcf-845e-11ec-9c12-0242ac120003,Process_1cl94bg,helicopter_vA,0.052
Process_1cl94bg:1:77f1cbcf-845e-11ec-9c12-0242ac120003,Process_1cl94bg,helicopter_vA,0.072
Process_1cl94bg:1:77f1cbcf-845e-11ec-9c12-0242ac120003,Process_1cl94bg,helicopter_vA,0.072
Process_1cl94bg:1:77f1cbcf-845e-11ec-9c12-0242ac120003,Process_1cl94bg,helicopter_vA,0.096
Process_1cl94bg:1:77f1cbcf-845e-11ec-9c12-0242ac120003,Process_1cl94bg,helicopter_vA,0.132
Process_1cl94bg:1:77f1cbcf-845e-11ec-9c12-0242ac120003,Process_1cl94bg,helicopter_vA,0.118
Process_1cl94bg:1:77f1cbcf-845e-11ec-9c12-0242ac120003,Process_1cl94bg,helicopter_vA,0.088
Process_1cl94bg:1:77f1cbcf-845e-11ec-9c12-0242ac120003,Process_1cl94bg,helicopter_vA,0.066
Process_1cl94bg:1:77f1cbcf-845e-11ec-9c12-0242ac120003,Process_1cl94bg,helicopter_vA,0.125
Process_1cl94bg:1:77f1cbcf-845e-11ec-9c12-0242ac120003,Process_1cl94bg,helicopter_vA,0.057
Process_1cl94bg:1:77f1cbcf-845e-11ec-9c12-0242ac120003,Process_1cl94bg,helicopter_vA,0.064
Process_1cl94bg:1:77f1cbcf-845e-11ec-9c12-0242ac120003,Process_1cl94bg,helicopter_vA,0.077
Process_1cl94bg:1:77f1cbcf-845e-11ec-9c12-0242ac120003,Process_1cl94bg,helicopter_vA,0.067
Process_1cl94bg:1:77f1cbcf-845e-11ec-9c12-0242ac120003,Process_1cl94bg,helicopter_vA,0.144
Process_1cl94bg:1:77f1cbcf-845e-11ec-9c12-0242ac120003,Process_1cl94bg,helicopter_vA,0.13
Process_1cl94bg:1:77f1cbcf-845e-11ec-9c12-0242ac120003,Process_1cl94bg,helicopter_vA,0.083
Process_1cl94bg:1:77f1cbcf-845e-11ec-9c12-0242ac120003,Process_1cl94bg,helicopter_vA,0.108
Process_1cl94bg:1:77f1cbcf-845e-11ec-9c12-0242ac120003,Process_1cl94bg,helicopter_vA,0.123
Process_1cl94bg:1:77f1cbcf-845e-11ec-9c12-0242ac120003,Process_1cl94bg,helicopter_vA,0.058
Process_1cl94bg:1:77f1cbcf-845e-11ec-9c12-0242ac120003,Process_1cl94bg,helicopter_vA,0.147
Process_1cl94bg:1:77f1cbcf-845e-11ec-9c12-0242ac120003,Process_1cl94bg,helicopter_vA,0.118
Process_1cl94bg:1:77f1cbcf-845e-11ec-9c12-0242ac120003,Process_1cl94bg,helicopter_vA,0.059
Process_1cl94bg:1:77f1cbcf-845e-11ec-9c12-0242ac120003,Process_1cl94bg,helicopter_vA,0.043
Process_1cl94bg:1:77f1cbcf-845e-11ec-9c12-0242ac120003,Process_1cl94bg,helicopter_vA,0.113
Process_1cl94bg:1:77f1cbcf-845e-11ec-9c12-0242ac120003,Process_1cl94bg,helicopter_vA,0.06
Process_1cl94bg:1:77f1cbcf-845e-11ec-9c12-0242ac120003,Process_1cl94bg,helicopter_vA,0.051
Process_1cl94bg:1:77f1cbcf-845e-11ec-9c12-0242ac120003,Process_1cl94bg,helicopter_vA,0.312
Process_1cl94bg:1:77f1cbcf-845e-11ec-9c12-0242ac120003,Process_1cl94bg,helicopter_vA,0.073
Process_1cl94bg:1:77f1cbcf-845e-11ec-9c12-0242ac120003,Process_1cl94bg,helicopter_vA,0.06
Process_1cl94bg:1:77f1cbcf-845e-11ec-9c12-0242ac120003,Process_1cl94bg,helicopter_vA,0.128
Process_1cl94bg:1:77f1cbcf-845e-11ec-9c12-0242ac120003,Process_1cl94bg,helicopter_vA,0.059
Process_1cl94bg:1:77f1cbcf-845e-11ec-9c12-0242ac120003,Process_1cl94bg,helicopter_vA,0.095
Process_1cl94bg:1:77f1cbcf-845e-11ec-9c12-0242ac120003,Process_1cl94bg,helicopter_vA,0.129
Process_1cl94bg:1:77f1cbcf-845e-11ec-9c12-0242ac120003,Process_1cl94bg,helicopter_vA,0.08
Process_1cl94bg:1:77f1cbcf-845e-11ec-9c12-0242ac120003,Process_1cl94bg,helicopter_vA,0.062
Process_1cl94bg:1:77f1cbcf-845e-11ec-9c12-0242ac120003,Process_1cl94bg,helicopter_vA,0.111
Process_1cl94bg:1:77f1cbcf-845e-11ec-9c12-0242ac120003,Process_1cl94bg,helicopter_vA,0.065
Process_1cl94bg:1:77f1cbcf-845e-11ec-9c12-0242ac120003,Process_1cl94bg,helicopter_vA,0.06
Process_1cl94bg:1:77f1cbcf-845e-11ec-9c12-0242ac120003,Process_1cl94bg,helicopter_vA,0.109
Process_1cl94bg:1:77f1cbcf-845e-11ec-9c12-0242ac120003,Process_1cl94bg,helicopter_vA,0.064
Process_1cl94bg:1:77f1cbcf-845e-11ec-9c12-0242ac120003,Process_1cl94bg,helicopter_vA,0.094
Process_1cl94bg:1:77f1cbcf-845e-11ec-9c12-0242ac120003,Process_1cl94bg,helicopter_vA,0.123
Process_1cl94bg:1:77f1cbcf-845e-11ec-9c12-0242ac120003,Process_1cl94bg,helicopter_vA,0.078
Process_1cl94bg:1:77f1cbcf-845e-11ec-9c12-0242ac120003,Process_1cl94bg,helicopter_vA,0.071
Process_1cl94bg:1:77f1cbcf-845e-11ec-9c12-0242ac120003,Process_1cl94bg,helicopter_vA,0.109
Process_1cl94bg:1:77f1cbcf-845e-11ec-9c12-0242ac120003,Process_1cl94bg,helicopter_vA,0.059
Process_1cl94bg:1:77f1cbcf-845e-11ec-9c12-0242ac120003,Process_1cl94bg,helicopter_vA,0.163
Process_1cl94bg:1:77f1cbcf-845e-11ec-9c12-0242ac120003,Process_1cl94bg,helicopter_vA,0.123
Process_1cl94bg:1:77f1cbcf-845e-11ec-9c12-0242ac120003,Process_1cl94bg,helicopter_vA,0.06
Process_1cl94bg:1:77f1cbcf-845e-11ec-9c12-0242ac120003,Process_1cl94bg,helicopter_vA,0.094
Process_1cl94bg:1:77f1cbcf-845e-11ec-9c12-0242ac120003,Process_1cl94bg,helicopter_vA,0.102
Process_1cl94bg:1:77f1cbcf-845e-11ec-9c12-0242ac120003,Process_1cl94bg,helicopter_vA,0.087
Process_1cl94bg:1:77f1cbcf-845e-11ec-9c12-0242ac120003,Process_1cl94bg,helicopter_vA,0.272
Process_1cl94bg:1:77f1cbcf-845e-11ec-9c12-0242ac120003,Process_1cl94bg,helicopter_vA,0.094
Process_1cl94bg:1:77f1cbcf-845e-11ec-9c12-0242ac120003,Process_1cl94bg,helicopter_vA,0.074
Process_1cl94bg:1:77f1cbcf-845e-11ec-9c12-0242ac120003,Process_1cl94bg,helicopter_vA,0.097
Process_1cl94bg:1:77f1cbcf-845e-11ec-9c12-0242ac120003,Process_1cl94bg,helicopter_vA,0.139
Process_1cl94bg:1:77f1cbcf-845e-11ec-9c12-0242ac120003,Process_1cl94bg,helicopter_vA,0.041
Process_1cl94bg:1:77f1cbcf-845e-11ec-9c12-0242ac120003,Process_1cl94bg,helicopter_vA,0.139
Process_1cl94bg:1:77f1cbcf-845e-11ec-9c12-0242ac120003,Process_1cl94bg,helicopter_vA,0.104
Process_1cl94bg:1:77f1cbcf-845e-11ec-9c12-0242ac120003,Process_1cl94bg,helicopter_vA,0.094
Process_1cl94bg:1:77f1cbcf-845e-11ec-9c12-0242ac120003,Process_1cl94bg,helicopter_vA,0.076
Process_1cl94bg:1:77f1cbcf-845e-11ec-9c12-0242ac120003,Process_1cl94bg,helicopter_vA,0.082
Process_1cl94bg:1:77f1cbcf-845e-11ec-9c12-0242ac120003,Process_1cl94bg,helicopter_vA,0.111
Process_1cl94bg:1:77f1cbcf-845e-11ec-9c12-0242ac120003,Process_1cl94bg,helicopter_vA,0.089
Process_1cl94bg:1:77f1cbcf-845e-11ec-9c12-0242ac120003,Process_1cl94bg,helicopter_vA,0.106
Process_1cl94bg:1:77f1cbcf-845e-11ec-9c12-0242ac120003,Process_1cl94bg,helicopter_vA,0.1
Process_1cl94bg:1:77f1cbcf-845e-11ec-9c12-0242ac120003,Process_1cl94bg,helicopter_vA,0.11
Process_1cl94bg:1:77f1cbcf-845e-11ec-9c12-0242ac120003,Process_1cl94bg,helicopter_vA,0.205
Process_1cl94bg:1:77f1cbcf-845e-11ec-9c12-0242ac120003,Process_1cl94bg,helicopter_vA,0.093
Process_1cl94bg:1:77f1cbcf-845e-11ec-9c12-0242ac120003,Process_1cl94bg,helicopter_vA,0.11
Process_1cl94bg:1:77f1cbcf-845e-11ec-9c12-0242ac120003,Process_1cl94bg,helicopter_vA,0.16
Process_1cl94bg:1:77f1cbcf-845e-11ec-9c12-0242ac120003,Process_1cl94bg,helicopter_vA,0.25
Process_1cl94bg:1:77f1cbcf-845e-11ec-9c12-0242ac120003,Process_1cl94bg,helicopter_vA,0.381
Process_1cl94bg:1:77f1cbcf-845e-11ec-9c12-0242ac120003,Process_1cl94bg,helicopter_vA,0.134
Process_1cl94bg:1:77f1cbcf-845e-11ec-9c12-0242ac120003,Process_1cl94bg,helicopter_vA,0.091
Process_1cl94bg:1:77f1cbcf-845e-11ec-9c12-0242ac120003,Process_1cl94bg,helicopter_vA,0.236
Process_1cl94bg:1:77f1cbcf-845e-11ec-9c12-0242ac120003,Process_1cl94bg,helicopter_vA,0.148
Process_1cl94bg:1:77f1cbcf-845e-11ec-9c12-0242ac120003,Process_1cl94bg,helicopter_vA,0.122
Process_1cl94bg:1:77f1cbcf-845e-11ec-9c12-0242ac120003,Process_1cl94bg,helicopter_vA,0.116
Process_1cl94bg:1:77f1cbcf-845e-11ec-9c12-0242ac120003,Process_1cl94bg,helicopter_vA,0.071
Process_1cl94bg:1:77f1cbcf-845e-11ec-9c12-0242ac120003,Process_1cl94bg,helicopter_vA,0.186
Process_1cl94bg:1:77f1cbcf-845e-11ec-9c12-0242ac120003,Process_1cl94bg,helicopter_vA,0.083
Process_1cl94bg:1:77f1cbcf-845e-11ec-9c12-0242ac120003,Process_1cl94bg,helicopter_vA,0.123
Process_1cl94bg:1:77f1cbcf-845e-11ec-9c12-0242ac120003,Process_1cl94bg,helicopter_vA,0.116
Process_1cl94bg:1:77f1cbcf-845e-11ec-9c12-0242ac120003,Process_1cl94bg,helicopter_vA,0.146
Process_1cl94bg:1:77f1cbcf-845e-11ec-9c12-0242ac120003,Process_1cl94bg,helicopter_vA,0.116
Process_1cl94bg:1:77f1cbcf-845e-11ec-9c12-0242ac120003,Process_1cl94bg,helicopter_vA,0.13
Process_1cl94bg:1:77f1cbcf-845e-11ec-9c12-0242ac120003,Process_1cl94bg,helicopter_vA,0.045
Process_1cl94bg:1:77f1cbcf-845e-11ec-9c12-0242ac120003,Process_1cl94bg,helicopter_vA,0.135
Process_1cl94bg:1:77f1cbcf-845e-11ec-9c12-0242ac120003,Process_1cl94bg,helicopter_vA,0.136
Process_1cl94bg:1:77f1cbcf-845e-11ec-9c12-0242ac120003,Process_1cl94bg,helicopter_vA,0.11
Process_1cl94bg:1:77f1cbcf-845e-11ec-9c12-0242ac120003,Process_1cl94bg,helicopter_vA,0.2
Process_1cl94bg:1:77f1cbcf-845e-11ec-9c12-0242ac120003,Process_1cl94bg,helicopter_vA,0.272
Process_1cl94bg:1:77f1cbcf-845e-11ec-9c12-0242ac120003,Process_1cl94bg,helicopter_vA,0.064
Process_1cl94bg:1:77f1cbcf-845e-11ec-9c12-0242ac120003,Process_1cl94bg,helicopter_vA,0.088
Process_1cl94bg:1:77f1cbcf-845e-11ec-9c12-0242ac120003,Process_1cl94bg,helicopter_vA,0.98
Process_1cl94bg:1:77f1cbcf-845e-11ec-9c12-0242ac120003,Process_1cl94bg,helicopter_vA,0.079
Process_1cl94bg:1:77f1cbcf-845e-11ec-9c12-0242ac120003,Process_1cl94bg,helicopter_vA,0.102
Process_1cl94bg:1:77f1cbcf-845e-11ec-9c12-0242ac120003,Process_1cl94bg,helicopter_vA,0.564
Process_1cl94bg:1:77f1cbcf-845e-11ec-9c12-0242ac120003,Process_1cl94bg,helicopter_vA,0.087
Process_1cl94bg:1:77f1cbcf-845e-11ec-9c12-0242ac120003,Process_1cl94bg,helicopter_vA,0.169
Process_1cl94bg:1:77f1cbcf-845e-11ec-9c12-0242ac120003,Process_1cl94bg,helicopter_vA,0.085
Process_1cl94bg:1:77f1cbcf-845e-11ec-9c12-0242ac120003,Process_1cl94bg,helicopter_vA,0.573
Process_1cl94bg:1:77f1cbcf-845e-11ec-9c12-0242ac120003,Process_1cl94bg,helicopter_vA,0.16
Process_1cl94bg:1:77f1cbcf-845e-11ec-9c12-0242ac120003,Process_1cl94bg,helicopter_vA,0.049
Process_1cl94bg:1:77f1cbcf-845e-11ec-9c12-0242ac120003,Process_1cl94bg,helicopter_vA,0.36
Process_1cl94bg:1:77f1cbcf-845e-11ec-9c12-0242ac120003,Process_1cl94bg,helicopter_vA,0.146
Process_1cl94bg:1:77f1cbcf-845e-11ec-9c12-0242ac120003,Process_1cl94bg,helicopter_vA,0.085
Process_1cl94bg:1:77f1cbcf-845e-11ec-9c12-0242ac120003,Process_1cl94bg,helicopter_vA,0.727
Process_1cl94bg:1:77f1cbcf-845e-11ec-9c12-0242ac120003,Process_1cl94bg,helicopter_vA,0.22
Process_1cl94bg:1:77f1cbcf-845e-11ec-9c12-0242ac120003,Process_1cl94bg,helicopter_vA,0.104
Process_1cl94bg:1:77f1cbcf-845e-11ec-9c12-0242ac120003,Process_1cl94bg,helicopter_vA,0.16
Process_1cl94bg:1:77f1cbcf-845e-11ec-9c12-0242ac120003,Process_1cl94bg,helicopter_vA,1.148
Process_1cl94bg:1:77f1cbcf-845e-11ec-9c12-0242ac120003,Process_1cl94bg,helicopter_vA,0.102
Process_1cl94bg:1:77f1cbcf-845e-11ec-9c12-0242ac120003,Process_1cl94bg,helicopter_vA,1.149
Process_1cl94bg:1:77f1cbcf-845e-11ec-9c12-0242ac120003,Process_1cl94bg,helicopter_vA,0.076
Process_1cl94bg:1:77f1cbcf-845e-11ec-9c12-0242ac120003,Process_1cl94bg,helicopter_vA,0.666
Process_1cl94bg:1:77f1cbcf-845e-11ec-9c12-0242ac120003,Process_1cl94bg,helicopter_vA,0.084
Process_1cl94bg:1:77f1cbcf-845e-11ec-9c12-0242ac120003,Process_1cl94bg,helicopter_vA,0.685
Process_1cl94bg:1:77f1cbcf-845e-11ec-9c12-0242ac120003,Process_1cl94bg,helicopter_vA,0.1
Process_1cl94bg:1:77f1cbcf-845e-11ec-9c12-0242ac120003,Process_1cl94bg,helicopter_vA,0.38
Process_1cl94bg:1:77f1cbcf-845e-11ec-9c12-0242ac120003,Process_1cl94bg,helicopter_vA,0.091
Process_1cl94bg:1:77f1cbcf-845e-11ec-9c12-0242ac120003,Process_1cl94bg,helicopter_vA,0.063
Process_1cl94bg:1:77f1cbcf-845e-11ec-9c12-0242ac120003,Process_1cl94bg,helicopter_vA,0.687
Process_1cl94bg:1:77f1cbcf-845e-11ec-9c12-0242ac120003,Process_1cl94bg,helicopter_vA,0.066
Process_1cl94bg:1:77f1cbcf-845e-11ec-9c12-0242ac120003,Process_1cl94bg,helicopter_vA,0.565
Process_1cl94bg:1:77f1cbcf-845e-11ec-9c12-0242ac120003,Process_1cl94bg,helicopter_vA,0.071
Process_1cl94bg:1:77f1cbcf-845e-11ec-9c12-0242ac120003,Process_1cl94bg,helicopter_vA,0.539
Process_1cl94bg:1:77f1cbcf-845e-11ec-9c12-0242ac120003,Process_1cl94bg,helicopter_vA,0.046
Process_1cl94bg:1:77f1cbcf-845e-11ec-9c12-0242ac120003,Process_1cl94bg,helicopter_vA,0.643
Process_1cl94bg:1:77f1cbcf-845e-11ec-9c12-0242ac120003,Process_1cl94bg,helicopter_vA,0.078
Process_1cl94bg:1:77f1cbcf-845e-11ec-9c12-0242ac120003,Process_1cl94bg,helicopter_vA,0.578
Process_1cl94bg:1:77f1cbcf-845e-11ec-9c12-0242ac120003,Process_1cl94bg,helicopter_vA,0.102
Process_1cl94bg:1:77f1cbcf-845e-11ec-9c12-0242ac120003,Process_1cl94bg,helicopter_vA,1.113
Process_1cl94bg:1:77f1cbcf-845e-11ec-9c12-0242ac120003,Process_1cl94bg,helicopter_vA,0.118
Process_1cl94bg:1:77f1cbcf-845e-11ec-9c12-0242ac120003,Process_1cl94bg,helicopter_vA,0.473
Process_1cl94bg:1:77f1cbcf-845e-11ec-9c12-0242ac120003,Process_1cl94bg,helicopter_vA,0.086
Process_1cl94bg:1:77f1cbcf-845e-11ec-9c12-0242ac120003,Process_1cl94bg,helicopter_vA,1.476
Process_1cl94bg:1:77f1cbcf-845e-11ec-9c12-0242ac120003,Process_1cl94bg,helicopter_vA,0.085
Process_1cl94bg:1:77f1cbcf-845e-11ec-9c12-0242ac120003,Process_1cl94bg,helicopter_vA,1.704
Process_1cl94bg:1:77f1cbcf-845e-11ec-9c12-0242ac120003,Process_1cl94bg,helicopter_vA,0.078
Process_1cl94bg:1:77f1cbcf-845e-11ec-9c12-0242ac120003,Process_1cl94bg,helicopter_vA,1.102
Process_1cl94bg:1:77f1cbcf-845e-11ec-9c12-0242ac120003,Process_1cl94bg,helicopter_vA,0.085
Process_1cl94bg:1:77f1cbcf-845e-11ec-9c12-0242ac120003,Process_1cl94bg,helicopter_vA,0.82
Process_1cl94bg:1:77f1cbcf-845e-11ec-9c12-0242ac120003,Process_1cl94bg,helicopter_vA,0.083
Process_1cl94bg:1:77f1cbcf-845e-11ec-9c12-0242ac120003,Process_1cl94bg,helicopter_vA,0.08
Process_1cl94bg:1:77f1cbcf-845e-11ec-9c12-0242ac120003,Process_1cl94bg,helicopter_vA,0.794
Process_1cl94bg:1:77f1cbcf-845e-11ec-9c12-0242ac120003,Process_1cl94bg,helicopter_vA,0.076
Process_1cl94bg:1:77f1cbcf-845e-11ec-9c12-0242ac120003,Process_1cl94bg,helicopter_vA,0.641
Process_1cl94bg:1:77f1cbcf-845e-11ec-9c12-0242ac120003,Process_1cl94bg,helicopter_vA,0.067
Process_1cl94bg:1:77f1cbcf-845e-11ec-9c12-0242ac120003,Process_1cl94bg,helicopter_vA,0.599
Process_1cl94bg:1:77f1cbcf-845e-11ec-9c12-0242ac120003,Process_1cl94bg,helicopter_vA,0.058
Process_1cl94bg:1:77f1cbcf-845e-11ec-9c12-0242ac120003,Process_1cl94bg,helicopter_vA,0.718
Process_1cl94bg:1:77f1cbcf-845e-11ec-9c12-0242ac120003,Process_1cl94bg,helicopter_vA,0.108
Process_1cl94bg:1:77f1cbcf-845e-11ec-9c12-0242ac120003,Process_1cl94bg,helicopter_vA,1.021
Process_1cl94bg:1:77f1cbcf-845e-11ec-9c12-0242ac120003,Process_1cl94bg,helicopter_vA,0.092
Process_1cl94bg:1:77f1cbcf-845e-11ec-9c12-0242ac120003,Process_1cl94bg,helicopter_vA,2.746
Process_1cl94bg:1:77f1cbcf-845e-11ec-9c12-0242ac120003,Process_1cl94bg,helicopter_vA,0.067
Process_1cl94bg:1:77f1cbcf-845e-11ec-9c12-0242ac120003,Process_1cl94bg,helicopter_vA,0.059
Process_1cl94bg:1:77f1cbcf-845e-11ec-9c12-0242ac120003,Process_1cl94bg,helicopter_vA,1.211
Process_1cl94bg:1:77f1cbcf-845e-11ec-9c12-0242ac120003,Process_1cl94bg,helicopter_vA,0.231
Process_1cl94bg:1:77f1cbcf-845e-11ec-9c12-0242ac120003,Process_1cl94bg,helicopter_vA,1.088
Process_1cl94bg:1:77f1cbcf-845e-11ec-9c12-0242ac120003,Process_1cl94bg,helicopter_vA,0.266
Process_1cl94bg:1:77f1cbcf-845e-11ec-9c12-0242ac120003,Process_1cl94bg,helicopter_vA,0.112
Process_1cl94bg:1:77f1cbcf-845e-11ec-9c12-0242ac120003,Process_1cl94bg,helicopter_vA,0.852
Process_1cl94bg:1:77f1cbcf-845e-11ec-9c12-0242ac120003,Process_1cl94bg,helicopter_vA,0.328
Process_1cl94bg:1:77f1cbcf-845e-11ec-9c12-0242ac120003,Process_1cl94bg,helicopter_vA,0.83
Process_1cl94bg:1:77f1cbcf-845e-11ec-9c12-0242ac120003,Process_1cl94bg,helicopter_vA,0.264
Process_1cl94bg:1:77f1cbcf-845e-11ec-9c12-0242ac120003,Process_1cl94bg,helicopter_vA,0.879
Process_1cl94bg:1:77f1cbcf-845e-11ec-9c12-0242ac120003,Process_1cl94bg,helicopter_vA,0.18
Process_1cl94bg:1:77f1cbcf-845e-11ec-9c12-0242ac120003,Process_1cl94bg,helicopter_vA,0.187
Process_1cl94bg:1:77f1cbcf-845e-11ec-9c12-0242ac120003,Process_1cl94bg,helicopter_vA,1.074
Process_1cl94bg:1:77f1cbcf-845e-11ec-9c12-0242ac120003,Process_1cl94bg,helicopter_vA,0.167
Process_1cl94bg:1:77f1cbcf-845e-11ec-9c12-0242ac120003,Process_1cl94bg,helicopter_vA,2.653
Process_1cl94bg:1:77f1cbcf-845e-11ec-9c12-0242ac120003,Process_1cl94bg,helicopter_vA,0.09
Process_1cl94bg:1:77f1cbcf-845e-11ec-9c12-0242ac120003,Process_1cl94bg,helicopter_vA,1.416
Process_1cl94bg:1:77f1cbcf-845e-11ec-9c12-0242ac120003,Process_1cl94bg,helicopter_vA,0.092
Process_1cl94bg:1:77f1cbcf-845e-11ec-9c12-0242ac120003,Process_1cl94bg,helicopter_vA,0.883
Process_1cl94bg:1:77f1cbcf-845e-11ec-9c12-0242ac120003,Process_1cl94bg,helicopter_vA,0.065
Process_1cl94bg:1:77f1cbcf-845e-11ec-9c12-0242ac120003,Process_1cl94bg,helicopter_vA,0.201
Process_1cl94bg:1:77f1cbcf-845e-11ec-9c12-0242ac120003,Process_1cl94bg,helicopter_vA,0.12
Process_1cl94bg:1:77f1cbcf-845e-11ec-9c12-0242ac120003,Process_1cl94bg,helicopter_vA,0.166
Process_1cl94bg:1:77f1cbcf-845e-11ec-9c12-0242ac120003,Process_1cl94bg,helicopter_vA,0.105
Process_1cl94bg:1:77f1cbcf-845e-11ec-9c12-0242ac120003,Process_1cl94bg,helicopter_vA,0.231
Process_1cl94bg:1:77f1cbcf-845e-11ec-9c12-0242ac120003,Process_1cl94bg,helicopter_vA,0.075
Process_1cl94bg:1:77f1cbcf-845e-11ec-9c12-0242ac120003,Process_1cl94bg,helicopter_vA,0.079
Process_1cl94bg:1:77f1cbcf-845e-11ec-9c12-0242ac120003,Process_1cl94bg,helicopter_vA,0.105
Process_1cl94bg:1:77f1cbcf-845e-11ec-9c12-0242ac120003,Process_1cl94bg,helicopter_vA,0.084
Process_1cl94bg:1:77f1cbcf-845e-11ec-9c12-0242ac120003,Process_1cl94bg,helicopter_vA,0.14
Process_1cl94bg:1:77f1cbcf-845e-11ec-9c12-0242ac120003,Process_1cl94bg,helicopter_vA,0.057
Process_1cl94bg:1:77f1cbcf-845e-11ec-9c12-0242ac120003,Process_1cl94bg,helicopter_vA,0.072
Process_1cl94bg:1:77f1cbcf-845e-11ec-9c12-0242ac120003,Process_1cl94bg,helicopter_vA,0.046
Process_1cl94bg:1:77f1cbcf-845e-11ec-9c12-0242ac120003,Process_1cl94bg,helicopter_vA,0.1
